Date;Mkt-RF;SMB;HML;RF;Mkt_EW;Mkt_EW-rf;MOM;RMW;CMA;SMB5;LT_Rev;ST_Rev
192607;2,96;-2,3;-2,87;0,22;1,28;1,06;;;;;;-1,84
192608;2,64;-1,4;4,19;0,25;2,97;2,72;;;;;;1,39
192609;0,36;-1,32;0,01;0,23;-0,5;-0,73;;;;;;-0,18
192610;-3,24;0,04;0,51;0,32;-3,31;-3,63;;;;;;-2,03
192611;2,53;-0,2;-0,35;0,31;2,31;2;;;;;;0,96
192612;2,62;-0,04;-0,02;0,28;2,4;2,12;;;;;;1,95
192701;-0,06;-0,56;4,83;0,25;1,15;0,9;0,44;;;;;-2
192702;4,18;-0,1;3,17;0,26;5,8;5,54;-1,32;;;;;-1,31
192703;0,13;-1,6;-2,67;0,3;-1,87;-2,17;3,59;;;;;-3,3
192704;0,46;0,43;0,6;0,25;0,93;0,68;4,17;;;;;-3,54
192705;5,44;1,41;4,93;0,3;6,46;6,16;2,96;;;;;-0,67
192706;-2,34;0,47;-1,53;0,26;-2,07;-2,33;0,53;;;;;-0,68
192707;7,26;-3,23;-1,16;0,3;5,83;5,53;4,29;;;;;-0,76
192708;1,97;-0,72;-3,69;0,28;0,42;0,14;1,14;;;;;-1,21
192709;4,76;-3,57;-0,71;0,21;3,07;2,86;1,89;;;;;-1,1
192710;-4,31;2,13;-4,33;0,25;-3,74;-3,99;-1,08;;;;;-2,79
192711;6,58;2,76;-0,31;0,21;9,91;9,7;-0,67;;;;;4,47
192712;2,09;0,93;-1,06;0,22;3,07;2,85;3,15;;;;;-0,28
192801;-0,68;4,25;-0,72;0,25;3,23;2,98;-0,6;;;;;0,74
192802;-1,7;-2,03;-0,69;0,33;-2,34;-2,67;-1,09;;;;;0,18
192803;8,81;-0,26;-1,2;0,29;7,01;6,72;4,87;;;;;-5,71
192804;4,23;3,82;3,67;0,22;8,38;8,16;-5,65;;;;;-0,67
192805;1,52;2,98;-3,46;0,32;3,79;3,47;2,85;;;;;3,16
192806;-4,85;-3,5;-0,06;0,31;-6,75;-7,06;2,05;;;;;0,97
192807;0,62;-1,35;-0,47;0,32;0,29;-0,03;2,82;;;;;-1,7
192808;6,68;-2,07;-2,11;0,32;5,8;5,48;3,69;;;;;0,08
192809;2,88;2,33;0,99;0,27;4,95;4,68;3,64;;;;;-0,46
192810;1,33;2,27;-2,26;0,41;1,58;1,17;5,05;;;;;-2,23
192811;11,81;-1,81;2,8;0,38;11,63;11,25;2,12;;;;;-1,69
192812;0,36;-0,85;-0,6;0,06;-0,3;-0,36;1,78;;;;;-1,34
192901;4,66;-3,54;-1,21;0,34;3,48;3,14;2,43;;;;;-6,72
192902;-0,34;-0,39;1,68;0,36;0,7;0,34;3,08;;;;;-0,1
192903;-0,89;-4,74;1,61;0,34;-3,09;-3,43;-0,7;;;;;-2,66
192904;1,43;-1;0,6;0,36;1,42;1,06;1,89;;;;;1,08
192905;-6,39;-5,35;-1,4;0,44;-8,92;-9,36;-2,04;;;;;-2,32
192906;9,7;-2,17;-2,76;0,52;7,84;7,32;8,79;;;;;1,37
192907;4,46;-3,88;2,66;0,33;1,93;1,6;2,95;;;;;-1,54
192908;8,18;-9,52;0,06;0,4;2,7;2,3;4,67;;;;;-1,95
192909;-5,47;1,17;-0,63;0,35;-4,38;-4,73;3,04;;;;;1,72
192910;-20,12;-4,08;7,85;0,46;-20,16;-20,62;4,09;;;;;-2,47
192911;-12,74;-1,9;5,33;0,37;-12,48;-12,85;-2,02;;;;;-7,99
192912;1,33;-4,33;-0,59;0,37;-2,78;-3,15;5,15;;;;;1,56
193001;5,61;3,54;-1,01;0,14;10,76;10,62;-5,04;;;;;5,45
193002;2,5;0,13;0,39;0,3;3,35;3,05;0,62;;;;;0,08
193003;7,1;3,43;0,15;0,35;10,35;10;-4,27;;;;;1,78
193004;-2,06;-0,2;-0,84;0,21;-4,77;-4,98;3,98;;;;;-0,13
193005;-1,66;-2,04;-0,63;0,26;-3,84;-4,1;-0,01;;;;;3,44
193006;-16,27;-3,24;2;0,27;-18,24;-18,51;6,61;;;;;-6,14
193007;4,12;-0,37;-1,56;0,2;3,76;3,56;-2,11;;;;;6,1
193008;0,3;-2,22;-0,78;0,09;-1,88;-1,97;3,92;;;;;1,91
193009;-12,75;-2,22;-5,27;0,22;-15,14;-15,36;11,51;;;;;-3,71
193010;-8,78;-0,1;-1,35;0,09;-9,89;-9,98;6,89;;;;;-3,69
193011;-3,04;2,21;-3,53;0,13;-2,28;-2,41;-1,18;;;;;1,48
193012;-7,83;-4,67;-5,4;0,14;-13,84;-13,98;13,27;;;;;-2,82
193101;6,24;3,77;7,16;0,15;14,02;13,87;-10,82;;;;1,27;16,39
193102;10,88;3,38;1,61;0,04;15,62;15,58;-14,37;;;;2,25;-2,86
193103;-6,43;3,07;-3,66;0,13;-6,28;-6,41;9,46;;;;4,28;5,07
193104;-9,98;-4,62;-3,94;0,08;-15,3;-15,38;11,59;;;;-1,64;-5,49
193105;-13,24;5,17;-6,58;0,09;-14,19;-14,28;9,1;;;;-2,84;-3,47
193106;13,9;-5,38;11,31;0,08;18,22;18,14;-17,81;;;;3,37;17,73
193107;-6,62;1,43;-2,1;0,06;-6,87;-6,93;8,08;;;;4,2;7,57
193108;0,41;-1,97;-1,49;0,03;-1,84;-1,87;-3,52;;;;-3,45;1,79
193109;-29,13;0,56;-6,75;0,03;-30,51;-30,54;10,23;;;;-7,13;2,61
193110;8,04;-1,87;1,7;0,1;9,87;9,77;3,2;;;;8,39;18,23
193111;-9,08;4,3;-5,05;0,17;-9,05;-9,22;7,69;;;;0,96;1,25
193112;-13,53;-0,56;-8,86;0,12;-18,28;-18,4;14,22;;;;-6,12;-5,87
193201;-1,58;3,94;9,04;0,23;8,12;7,89;-10,37;;;;6,77;15,78
193202;5,46;-2,77;-1,45;0,23;2,17;1,94;1,62;;;;-0,12;9,55
193203;-11,21;2,27;-2,32;0,16;-12,09;-12,25;10,33;;;;1,28;-0,63
193204;-17,96;1,44;1,42;0,11;-17,65;-17,76;6,95;;;;0,36;-1,72
193205;-20,51;3,91;-2,99;0,06;-20,29;-20,35;12,2;;;;9,85;-0,27
193206;-0,7;0,34;5,3;0,02;4,09;4,07;2,1;;;;-1,36;15,86
193207;33,84;-4,44;35,46;0,03;43,36;43,33;-43,94;;;;17,47;-1,58
193208;37,06;14,29;33,03;0,03;66,41;66,38;-52,27;;;;22,08;-19,9
193209;-2,94;-2,44;-6,82;0,03;-5,57;-5,6;2,44;;;;-8,1;9,55
193210;-13,17;-2,76;-10,05;0,02;-16,54;-16,56;4,29;;;;-8,24;-1,53
193211;-5,88;2,08;-13,28;0,02;-6,75;-6,77;-2,07;;;;-6,27;-0,06
193212;4,4;-8,27;-8,17;0,01;-3,68;-3,69;5,26;;;;-8,73;-0,56
193301;1,25;0,69;6,23;0,01;3,57;3,56;-1,5;;;;2,32;7,72
193302;-15,24;-2,75;-2,73;-0,03;-15,58;-15,55;4,17;;;;-3,42;3,13
193303;3,29;3,9;7,38;0,04;10,38;10,34;2,21;;;;6,41;10,16
193304;38,85;4,56;17,43;0,1;51,17;51,07;-15,95;;;;36,45;-12,28
193305;21,43;36,7;19,03;0,04;60,23;60,19;-3,91;;;;32,99;2,49
193306;13,11;8,56;-2,05;0,02;22,34;22,32;3,38;;;;10,29;0
193307;-9,63;-1,01;3,27;0,02;-9,35;-9,37;0,39;;;;0,5;7,96
193308;12,05;-5,45;2,96;0,03;11,15;11,12;7,55;;;;2,79;8,29
193309;-10,65;-0,32;-11,77;0,02;-15,08;-15,1;1,65;;;;-14,07;-0,45
193310;-8,36;-0,08;-8,46;0,01;-10,67;-10,68;-2,4;;;;-6,11;-1,18
193311;9,97;-6,48;2,33;0,02;6,6;6,58;6,43;;;;2,29;5,97
193312;1,83;0,66;-1,53;0,02;1,76;1,74;4,06;;;;-0,38;-0,69
193401;12,6;12,53;15,54;0,05;32,11;32,06;-3,37;;;;26,95;9,78
193402;-2,5;5,19;2,12;0,02;1,26;1,24;-0,35;;;;1,86;2,18
193403;0,09;2,51;-2,73;0,02;0,62;0,6;-0,69;;;;-1,55;1,28
193404;-1,79;2,8;-3,75;0,01;-0,13;-0,14;-5,12;;;;-4,04;0,08
193405;-7,25;-0,26;-5,91;0,01;-10,89;-10,9;-2,7;;;;-7,54;-6,07
193406;2,64;-2,14;-2,92;0,01;0,13;0,12;-0,9;;;;-4,54;-0,85
193407;-10,96;-6,92;-10,64;0,01;-18,56;-18,57;8,63;;;;-13,43;-4,97
193408;5,58;5,39;0,45;0,01;9,58;9,57;2,41;;;;5,41;12,75
193409;-0,23;-1,5;-1,22;0,01;-1,07;-1,08;0,03;;;;0,02;1,81
193410;-1,66;1,25;-5,11;0,01;-2,01;-2,02;7,04;;;;-4,1;0,02
193411;8,33;6,5;-2,24;0,01;13,1;13,09;4,14;;;;2,89;2,09
193412;0,36;3,06;-3,2;0,01;1,39;1,38;4,66;;;;-2,07;-2,96
193501;-3,45;1,1;-1,86;0,01;-3,16;-3,17;3,61;;;;-2,1;2,77
193502;-1,94;0,41;-7,27;0,02;-5,58;-5,6;13,85;;;;-8,58;-2,95
193503;-3,68;-3,57;-5,1;0,01;-7,29;-7,3;2,86;;;;-0,46;-2,04
193504;9,06;-1,51;4,35;0,01;9,76;9,75;-4,72;;;;5,49;3,09
193505;3,47;-3,38;2,56;0,01;2,4;2,39;-3,62;;;;2,09;3,97
193506;5,93;-2,51;-1,65;0,01;4,17;4,16;2,06;;;;0,09;1,98
193507;7,51;1,47;6,86;0,01;11,05;11,04;-4,21;;;;9,72;-1,23
193508;2,65;6,28;5,7;0,01;8,4;8,39;-7,69;;;;9,84;-3,45
193509;2,63;1,57;-4,05;0,01;2,36;2,35;8,93;;;;0,05;-0,59
193510;7,03;2,64;-2,33;0,01;8,45;8,44;2,09;;;;5,71;1,69
193511;4,88;4,28;11,91;0,02;14,67;14,65;-5,91;;;;7,61;5,81
193512;4,56;0,23;1,07;0,01;5,9;5,89;3,75;;;;1,38;-3,21
193601;6,89;5,14;10,51;0,01;15,02;15,01;-3,36;;;;12,34;-1,46
193602;2,49;1,14;5,04;0,01;4,31;4,3;2,51;;;;1,8;1,94
193603;0,99;0,65;-1,66;0,02;0,89;0,87;1,79;;;;-1,58;1,79
193604;-8,14;-6,04;-2,08;0,02;-12,33;-12,35;-7,88;;;;-6,97;-0,69
193605;5,19;0,83;2,63;0,02;5,28;5,26;2,44;;;;3,24;3,37
193606;2,4;-3,26;-1,2;0,03;-0,02;-0,05;0,46;;;;-2,35;1,19
193607;6,67;1,14;2,56;0,01;7,98;7,97;3;;;;4,67;2,6
193608;0,99;0,72;3,99;0,02;2,15;2,13;0,56;;;;2,34;-0,59
193609;0,98;3,07;0,88;0,01;3,38;3,37;1,26;;;;-0,89;1,25
193610;7,12;-2,39;2,52;0,02;6,62;6,6;1,04;;;;1,65;0,28
193611;3,27;9,01;-0,92;0,01;9,33;9,32;2,18;;;;-2,12;-2,09
193612;0,21;3,61;3,96;0;2,68;2,68;2,11;;;;3,44;-3,16
193701;3,35;4,31;2,61;0,01;7,74;7,73;-1,85;;;;1,16;-2,23
193702;1,09;1,23;5,05;0,02;2,7;2,68;2,98;;;;-0,33;2,38
193703;-0,27;-1,78;6,39;0,01;0,06;0,05;2,81;;;;-1,82;-2,84
193704;-7,36;-3,77;-3,61;0,03;-10,11;-10,14;-3,71;;;;-0,08;1,52
193705;-0,83;-0,66;-3,49;0,06;-2,33;-2,39;0,51;;;;-2,75;0,09
193706;-4,21;-3,65;-3,21;0,03;-7,67;-7,7;0,68;;;;0,69;-2,1
193707;8,91;0,85;0,82;0,03;9,94;9,91;-0,4;;;;-1,2;6,62
193708;-4,86;0,42;-2,25;0,02;-5,4;-5,42;-1,79;;;;-2,12;4,15
193709;-13,61;-6,89;-4,57;0,04;-19,41;-19,45;-7,14;;;;-3,53;-5,9
193710;-9,61;0,45;-1,62;0,02;-10,12;-10,14;-1,56;;;;2,32;-3,58
193711;-8,31;-3,65;0,2;0,02;-10,98;-11;-0,97;;;;2,82;-1,75
193712;-4,24;-7,76;-0,39;0;-10,24;-10,24;4,7;;;;1,05;-3,3
193801;0,49;4,97;-1,6;0;4,23;4,23;-1,44;;;;-0,21;6,7
193802;5,84;0,35;-2,02;0;6,09;6,09;-3,08;;;;-3,68;4,49
193803;-23,82;-4,24;-3,52;-0,01;-28,46;-28,45;15,75;;;;7,94;8,24
193804;14,51;6,37;0,18;0,01;20,18;20,17;-8,88;;;;-3,31;13,68
193805;-3,83;-2,47;-0,28;0;-7,01;-7,01;7,13;;;;3,82;7,14
193806;23,87;4,05;0,3;0;31,13;31,13;-24,86;;;;-12,35;23,95
193807;7,34;6,66;2,18;-0,01;12,22;12,23;-6,44;;;;-2,97;-3,94
193808;-2,67;-2,44;-4,72;0;-6,32;-6,32;3,95;;;;-3,15;-1,08
193809;0,81;-2,72;-1,62;0,02;-1,52;-1,54;2,53;;;;-0,56;1,02
193810;7,8;5,83;5,01;0,01;14,31;14,3;-7,7;;;;5,56;3,6
193811;-1,72;-2,56;-1,23;-0,06;-3,79;-3,73;3,13;;;;-2,95;1,42
193812;4,19;-1,8;0,5;0;3,25;3,25;2,05;;;;-1,35;2,44
193901;-5,96;-1,56;-3,92;-0,01;-7,57;-7,56;-3,05;;;;-1,03;4,5
193902;3,51;0,63;2,95;0,01;4,14;4,13;3,25;;;;2,35;3,92
193903;-11,99;-4,76;-8,29;-0,01;-17,28;-17,27;-1,48;;;;-7,29;4,93
193904;-0,18;1,66;-0,3;0;0;0;2,7;;;;1,15;3,4
193905;6,8;2,81;0,47;0,01;8,42;8,41;3,56;;;;-0,12;3,44
193906;-5,31;-1,02;-5,41;0,01;-8,38;-8,39;1,96;;;;-5,01;3,57
193907;10,24;4,32;-0,03;0;13,62;13,62;-0,58;;;;1,5;14,1
193908;-6,68;-4,61;-2,42;-0,01;-10,6;-10,59;5,84;;;;-0,33;7,13
193909;16,88;20,23;22,22;0,01;39,82;39,81;-30,35;;;;13,98;19,82
193910;-0,53;-0,01;-4,89;0;-0,74;-0,74;6,46;;;;-3,84;12,75
193911;-3,62;-5,07;-6,46;0;-8,14;-8,14;-0,22;;;;-3,53;-9,06
193912;3,03;0,79;-4,06;0;1,68;1,68;5,4;;;;-1,6;-0,88
194001;-2,41;0,24;-0,77;0;-1,88;-1,88;1,74;;;;3,69;3,13
194002;1,44;2,51;-0,32;0;2,99;2,99;1,81;;;;-1,2;2,74
194003;2,05;1,25;-1,27;0;2,75;2,75;-0,36;;;;-1,23;2,01
194004;0,22;3,92;-0,13;0;1,26;1,26;3,33;;;;1,26;1,98
194005;-21,95;-6,66;-3,69;-0,02;-26,87;-26,85;2,86;;;;-3,04;-0,69
194006;6,67;-2,13;4,63;0;6,71;6,71;-2,14;;;;1,66;5,48
194007;3,16;1,01;-0,74;0,01;3,75;3,74;0,85;;;;-1,36;2,5
194008;2,19;-0,11;0,56;-0,01;2,21;2,22;-1,61;;;;-1,82;1,33
194009;2,39;3,22;-1,13;0;3,84;3,84;-0,26;;;;-1,63;-0,49
194010;3,02;0,28;4,64;0;4,89;4,89;-6,53;;;;0,87;0,33
194011;-1,61;1,94;0,12;0;-0,28;-0,28;1,33;;;;-5,09;1,04
194012;0,69;-2,15;-0,89;0;-1,77;-1,77;3,46;;;;-2,9;2,19
194101;-4,17;1;3,83;-0,01;-0,57;-0,56;-4,72;;;;2,85;3,96
194102;-1,43;-1,57;0,89;-0,01;-1,99;-1,98;0,91;;;;-1,45;0,47
194103;0,84;0,1;3,04;0,01;1,33;1,32;2,43;;;;0,57;1,83
194104;-5,46;-1,69;3,41;-0,01;-5,78;-5,77;3,03;;;;-0,74;-1,97
194105;1,39;-0,66;0,6;0;1,03;1,03;2,46;;;;-0,26;1,03
194106;5,83;1,32;0,59;0;6,69;6,69;-0,64;;;;-1,05;1,16
194107;5,87;5,7;7,25;0,03;12,98;12,95;-1,75;;;;8,62;1,46
194108;-0,17;-0,41;-1,1;0,01;-0,68;-0,69;0,17;;;;-1,64;0,72
194109;-0,87;-0,99;-0,28;0,01;-2,06;-2,07;-1,57;;;;-3,69;-0,42
194110;-5,25;-2,02;1,63;0;-6,23;-6,23;4,74;;;;-3,36;-2,09
194111;-1,92;-1,21;-0,64;0;-3,44;-3,44;4,04;;;;-1,89;-1,89
194112;-4,87;-2,98;-5,94;0,01;-8,28;-8,29;0,28;;;;-5,66;-1,86
194201;0,79;7,52;10,1;0,02;13,54;13,52;-3,58;;;;14,46;9,42
194202;-2,46;1,72;-1,13;0,01;-1,43;-1,44;-0,71;;;;1,25;0,93
194203;-6,58;1,78;-0,62;0,01;-5,16;-5,17;-0,21;;;;-0,04;-1,97
194204;-4,37;-0,6;2,09;0,01;-4,6;-4,61;-0,79;;;;-0,04;0,67
194205;5,94;-3,05;-2,65;0,03;2,88;2,85;-4,71;;;;-3,58;-0,33
194206;2,69;-1,22;0,54;0,02;2,47;2,45;-1,32;;;;-0,22;0,58
194207;3,51;-0,16;2,4;0,03;4,58;4,55;0,77;;;;3,33;2,26
194208;1,8;-0,09;1,33;0,03;2,87;2,84;-0,13;;;;0,04;0,19
194209;2,61;0,66;2,39;0,03;4,81;4,78;-0,64;;;;3,14;1,23
194210;6,82;1,82;6,47;0,03;10,02;9,99;-4,01;;;;8,82;-1,41
194211;0,15;-1,54;-4,24;0,03;-1,63;-1,66;-0,97;;;;-3,22;6,47
194212;5,12;-2,49;0,56;0,03;3,49;3,46;3,06;;;;1,65;2
194301;7,13;8,78;8,23;0,03;16,94;16,91;-0,36;;;;12,24;5,75
194302;6,15;4,84;6,51;0,03;13,3;13,27;-1,46;;;;9,58;-5,52
194303;6,01;5,03;5,48;0,03;11,14;11,11;4,74;;;;4,92;-2,06
194304;0,81;2,06;5,86;0,03;3,54;3,51;6,18;;;;4,61;1,17
194305;5,74;4,41;3,28;0,03;8,38;8,35;5,61;;;;5,58;-0,44
194306;1,82;-1,06;-0,74;0,03;1,18;1,15;-1,3;;;;-1,2;2,12
194307;-4,77;-2,41;-2,27;0,03;-6,49;-6,52;-4,59;;;;-2,21;0,08
194308;1,3;-0,62;-0,47;0,03;0,33;0,3;0,71;;;;-0,64;2,42
194309;2,4;1,28;1,43;0,03;3,53;3,5;1,78;;;;3,01;0,52
194310;-1,15;0,58;1,65;0,03;-0,34;-0,37;-0,53;;;;-1,71;3,12
194311;-5,91;-1,64;-4,04;0,03;-8,95;-8,98;-4,72;;;;-4,23;-0,51
194312;6,36;3,34;3,22;0,03;9,8;9,77;5,99;;;;3,3;8,77
194401;1,74;2,56;2,17;0,03;4,55;4,52;0,97;;;;2,46;1,1
194402;0,37;-0,1;0,83;0,03;1,46;1,43;0,34;;;;-0,43;0,27
194403;2,46;1,71;3,43;0,02;4,13;4,11;2,61;;;;1,43;-0,19
194404;-1,69;-1,35;-1,13;0,03;-2,96;-2,99;0,52;;;;-0,55;1,96
194405;5,07;1,67;1,02;0,03;6,6;6,57;2,07;;;;-0,26;2,51
194406;5,49;4,04;1,82;0,03;10,45;10,42;-5,22;;;;0,46;-1,49
194407;-1,49;0,55;-0,43;0,03;-1,26;-1,29;0,19;;;;1,35;3,18
194408;1,57;2,41;-1,63;0,03;3,07;3,04;4,68;;;;0,67;2,29
194409;0,01;0,47;-1,21;0,02;0,01;-0,01;-1,08;;;;0,16;1,27
194410;0,16;-0,14;-0,34;0,03;0,06;0,03;-1,24;;;;-0,75;0,56
194411;1,71;0,37;2,31;0,03;2,32;2,29;1,28;;;;-2,42;0,9
194412;4,03;2,24;5,91;0,02;6,96;6,94;3,36;;;;-0,33;-1,67
194501;2,01;2,44;0,71;0,03;4,43;4,4;0,04;;;;0,47;3,3
194502;6,23;1,56;4,4;0,02;8,51;8,49;3,03;;;;-0,35;0,96
194503;-3,89;-1,61;-1,78;0,02;-5,63;-5,65;-3,28;;;;0,28;3,74
194504;7,8;0,32;3,21;0,03;8,92;8,89;4,79;;;;-1,86;4,14
194505;1,73;1,51;0,35;0,03;2,93;2,9;0,11;;;;-0,81;2,12
194506;0,39;3,1;4,32;0,02;3,6;3,58;4,11;;;;0,99;0,05
194507;-2,17;-1,46;-2,71;0,03;-3,44;-3,47;-2,62;;;;1,88;3,39
194508;6,2;1,61;-4,4;0,03;6,65;6,62;-1,4;;;;-0,57;1,96
194509;4,77;1,71;0,48;0,03;6,3;6,27;1,4;;;;-1,9;0,19
194510;3,89;2,46;2,25;0,03;6,57;6,54;0,25;;;;-3,73;-1,29
194511;5,39;4,16;4,34;0,02;9,6;9,58;4,25;;;;-3,85;-1,75
194512;1,2;2,12;-2,32;0,03;2,43;2,4;1,23;;;;-1,61;2,35
194601;6,24;4,02;2,21;0,03;9,42;9,39;3,76;;;;1,15;1,91
194602;-5,83;-0,73;-1,27;0,03;-6,53;-6,56;-1,45;;;;2,08;2,9
194603;5,87;0,31;-0,36;0,03;5,92;5,89;2,69;;;;-2,88;-1,15
194604;4,23;2,37;0,45;0,03;5,39;5,36;3,03;;;;-0,7;-4,49
194605;3,93;1,46;1,09;0,03;5,52;5,49;-0,61;;;;-2,12;2,15
194606;-3,89;-1,53;-0,59;0,03;-4,94;-4,97;-2,52;;;;1,49;1,45
194607;-2,69;-2,06;0,04;0,03;-4,15;-4,18;-0,1;;;;1,84;-0,64
194608;-6,44;-1,78;0,6;0,03;-7,49;-7,52;-0,03;;;;2,24;-1,09
194609;-10,17;-4,41;-1,96;0,03;-13,45;-13,48;0,74;;;;5,77;-2,95
194610;-1,44;0,09;3,44;0,03;-1,28;-1,31;0,97;;;;1,34;1,14
194611;-0,01;-0,4;1,52;0,03;-0,33;-0,36;0,2;;;;3,45;-0,08
194612;4,96;0,06;-1,38;0,03;4,81;4,78;-0,1;;;;0,24;-0,07
194701;1,25;2,18;-0,73;0,03;2,99;2,96;-6,44;;;;-0,28;4,58
194702;-1,08;0,68;0,14;0,03;-0,6;-0,63;-0,49;;;;0,53;0,79
194703;-1,67;-1,61;0,61;0,03;-3;-3,03;4,06;;;;3,01;0,34
194704;-4,8;-3,97;0,85;0,03;-8,21;-8,24;5,05;;;;5,18;-2,79
194705;-0,97;-3,26;0,34;0,03;-3,85;-3,88;3,33;;;;3,17;-2,09
194706;5,29;-0,31;-0,6;0,03;5,77;5,74;-1,85;;;;-2,29;0,35
194707;4,14;1,43;2,82;0,03;6,25;6,22;-3,42;;;;-3,75;2,08
194708;-1,74;0,3;0,16;0,03;-1,74;-1,77;3,38;;;;2,38;1,55
194709;-0,54;1,64;1,36;0,06;0,57;0,51;-0,02;;;;-0,3;-0,65
194710;2,47;0,51;0,08;0,06;3,37;3,31;1,34;;;;-0,94;2,24
194711;-1,97;-1,74;1,06;0,06;-3;-3,06;4,23;;;;1,75;-0,03
194712;3;-2,48;3,69;0,08;2,29;2,21;3,6;;;;-0,04;-0,54
194801;-3,93;2,49;1,38;0,07;-1,66;-1,73;-4,29;;;;1,19;4,01
194802;-4,38;-1,71;0,07;0,07;-5,97;-6,04;1,47;;;;2,57;0,71
194803;8,07;0,13;4,49;0,09;9,62;9,53;-0,19;;;;-1,53;6,02
194804;3,65;-1,66;4,1;0,08;3,81;3,73;4,06;;;;0,25;-0,24
194805;7,3;0,93;-1,23;0,08;8,83;8,75;2,38;;;;-0,62;0,99
194806;-0,1;-1,86;2,75;0,09;-1,45;-1,54;3,99;;;;1,41;0,93
194807;-5,09;-0,32;0,07;0,08;-5,29;-5,37;-1,58;;;;1,48;1,41
194808;0,25;-1,1;0,27;0,09;-0,21;-0,3;0,23;;;;-1,05;0,53
194809;-2,97;-1,23;-1,79;0,04;-4,26;-4,3;-1,26;;;;1,22;0,34
194810;5,96;-1,5;0,56;0,04;5,32;5,28;2,79;;;;0,48;2,35
194811;-9,3;-0,62;-4,14;0,04;-10,68;-10,72;0,6;;;;0,85;3,98
194812;3,26;-2,8;-1,94;0,04;1,28;1,24;4,66;;;;0,72;0,11
194901;0,23;1,81;1,17;0,1;1,86;1,76;-2,92;;;;0,82;4,39
194902;-2,93;-1,89;-0,91;0,09;-4,08;-4,17;-0,41;;;;1,06;-1,1
194903;4,04;2,48;1,34;0,1;5,95;5,85;-0,87;;;;-0,26;2,73
194904;-1,87;-0,89;-1,18;0,09;-3,15;-3,24;3,06;;;;0,18;0,6
194905;-2,94;-0,77;-2,42;0,1;-4,28;-4,38;3,04;;;;1,25;-1,74
194906;0,1;-0,88;-1,76;0,1;-0,76;-0,86;-1,28;;;;-0,77;-0,24
194907;5,54;0,57;0,38;0,09;6,24;6,15;-1,54;;;;-0,43;2,62
194908;2,6;0,13;-0,57;0,09;2,53;2,44;1,7;;;;-1,52;1,14
194909;3,09;1,05;0,23;0,09;4,33;4,24;-1,42;;;;-0,59;0,44
194910;3,14;1,03;-0,49;0,09;3,96;3,87;0;;;;-0,11;0,5
194911;1,82;-0,93;-0,91;0,08;0,95;0,87;1,27;;;;-2,01;-0,19
194912;5,13;2,07;1,75;0,09;7,08;6,99;-0,78;;;;3,44;0,69
195001;1,7;3,36;0,14;0,09;4,01;3,92;-2,32;;;;2,31;0,76
195002;1,48;0,04;-0,81;0,09;1,66;1,57;1,36;;;;0,06;1,1
195003;1,26;-1,41;-2,77;0,1;-0,19;-0,29;1,54;;;;-0,65;0,96
195004;3,94;1,99;1,34;0,09;4,83;4,74;0,33;;;;2,88;2,08
195005;4,31;-2,12;0,46;0,1;3,32;3,22;0,38;;;;-2,9;-1
195006;-5,94;-2,38;-0,78;0,1;-7,53;-7,63;-1,66;;;;-3,12;0,96
195007;1,36;0,51;13,66;0,1;5,03;4,93;-0,47;;;;7,5;0,75
195008;4,85;0,73;-1,41;0,1;5,01;4,91;3,21;;;;-3,14;5,36
195009;4,81;0,57;-1,11;0,1;5,47;5,37;-0,13;;;;0,36;0,31
195010;-0,18;-0,58;1,44;0,12;-0,46;-0,58;1,42;;;;-0,64;2,68
195011;2,76;-0,84;3,17;0,11;3,23;3,12;3,59;;;;0,79;1
195012;5,54;1,49;7,23;0,11;8,49;8,38;4,97;;;;7,4;-5,7
195101;5,7;1,73;3,72;0,13;7,58;7,45;2;;;;2,63;2,99
195102;1,41;0,09;-2,83;0,1;1,22;1,12;-1,58;;;;-3,19;2,53
195103;-2,15;-0,64;-4,22;0,11;-3,39;-3,5;-2,95;;;;-2,87;-0,39
195104;4,86;-1,49;3,28;0,13;4,05;3,92;6,02;;;;-0,25;1,74
195105;-2,34;-0,01;-1,33;0,12;-2,49;-2,61;-0,93;;;;-1,65;1,87
195106;-2,62;-1,95;-3,96;0,12;-4,55;-4,67;-2,39;;;;-4,56;-1,87
195107;6,94;-1,99;2,01;0,13;6,27;6,14;7,24;;;;1,09;4,08
195108;4,27;0,99;-0,16;0,13;4,72;4,59;1;;;;-0,59;0,13
195109;0,7;1,9;0,59;0,12;2,3;2,18;0,56;;;;1,31;1,3
195110;-2,53;-0,23;0,25;0,16;-2,41;-2,57;-0,31;;;;-0,57;2,39
195111;0,57;-0,29;-0,06;0,11;0,74;0,63;0,63;;;;-0,39;1,08
195112;3,33;-2,25;-1,55;0,12;1,52;1,4;1,7;;;;-2,14;1,42
195201;1,45;-0,61;1,54;0,15;1,73;1,58;1,37;;;;-0,99;1,83
195202;-2,62;0,79;-0,6;0,12;-2,07;-2,19;-0,75;;;;0,93;1,1
195203;4,44;-2,99;2,16;0,11;2,87;2,76;1,65;;;;-2,4;0,6
195204;-4,97;0,48;-0,1;0,12;-4,45;-4,57;-2,04;;;;1,78;0,4
195205;3,2;-1,01;0,07;0,13;2,38;2,25;0,49;;;;-1,84;1,55
195206;3,83;-1,61;1,23;0,15;3,08;2,93;1,5;;;;-1,66;0,72
195207;0,91;-0,4;-0,33;0,15;1,05;0,9;-0,52;;;;-0,65;1,09
195208;-0,76;1,15;0,07;0,15;0,04;-0,11;0,31;;;;0,4;0,36
195209;-2,03;1,12;-1,44;0,16;-1,51;-1,67;1,76;;;;0,92;-1,18
195210;-0,66;-1,02;-0,54;0,14;-1,14;-1,28;2,75;;;;0,46;0,75
195211;5,94;-0,72;0,99;0,1;5,58;5,48;0,44;;;;-0,84;1,81
195212;2,93;-1,48;0,2;0,16;2,28;2,12;1,51;;;;-0,7;2,06
195301;-0,34;3,55;1,34;0,16;2,44;2,28;0,72;;;;1,46;2,16
195302;-0,27;2,16;-0,09;0,14;1,23;1,09;0,86;;;;0,94;-0,58
195303;-1,43;-0,18;-0,84;0,18;-1,09;-1,27;0,08;;;;0,98;0,71
195304;-2,83;0,27;1,54;0,16;-2,34;-2,5;1,85;;;;1,91;0,69
195305;0,52;-0,07;0,24;0,17;0,62;0,45;0,94;;;;-1,3;0,32
195306;-1,89;-1,85;-0,51;0,18;-3,2;-3,38;-0,01;;;;-0,9;-0,05
195307;2,4;-1,05;-0,23;0,15;1,75;1,6;-0,31;;;;-0,6;0,86
195308;-4,52;0,36;-3,54;0,17;-5,13;-5,3;2,21;;;;0,86;0,33
195309;0,2;-0,85;-2,42;0,16;-1,09;-1,25;2,88;;;;-0,4;-0,73
195310;4,6;-1,37;-0,2;0,13;3,74;3,61;0,27;;;;-3,37;0,24
195311;2,83;-1,3;-0,16;0,08;2,15;2,07;1,95;;;;-0,84;-0,2
195312;0,03;-0,85;-2,82;0,13;-1,5;-1,63;5,19;;;;-1,18;-1,24
195401;5,13;0,47;3,49;0,11;7,13;7,02;-5,74;;;;-0,42;4,98
195402;1,67;-0,17;-0,29;0,07;1,35;1,28;1,03;;;;-0,96;1,2
195403;3,65;-0,49;-1,45;0,08;2,85;2,77;2,2;;;;-2,26;0,12
195404;4,27;-3,48;-0,37;0,09;1,64;1,55;4,98;;;;-3,1;-1,44
195405;3,09;0,39;2,46;0,05;4,25;4,2;-1,99;;;;-1,13;2,58
195406;1,07;0,4;-0,01;0,06;1,26;1,2;3,52;;;;-1,08;1,95
195407;4,99;1,05;4,16;0,05;7,21;7,16;0,44;;;;0,66;1,23
195408;-2,34;2,68;-1,39;0,05;-0,93;-0,98;-0,64;;;;0,05;2,09
195409;6,39;-2,55;0,69;0,09;4,38;4,29;1,54;;;;-3,32;-0,37
195410;-1,67;0,6;0,68;0,07;-0,69;-0,76;0,96;;;;-0,9;0,37
195411;9,38;-2,64;4,39;0,06;9,06;9;1,93;;;;-1,66;-0,68
195412;5,48;2,17;5,65;0,08;8,83;8,75;-1,41;;;;-0,01;-0,1
195501;0,6;0,27;2,14;0,08;1,41;1,33;1,36;;;;-0,95;1,77
195502;3,02;1,56;0,59;0,09;4,28;4,19;1,09;;;;-1,88;1,71
195503;-0,16;-0,67;1,97;0,1;0,09;-0,01;1,03;;;;0,08;1,25
195504;3,11;-1,72;0,68;0,1;2,36;2,26;0,09;;;;-0,05;1,3
195505;0,93;-0,24;-0,96;0,14;0,71;0,57;0,56;;;;-0,06;0,07
195506;6,55;-4,61;1,84;0,1;3,53;3,43;4,66;;;;-3,21;-0,87
195507;1,9;-1,16;0,34;0,1;0,74;0,64;-1,23;;;;-0,35;-1,39
195508;0,21;-0,44;0,72;0,16;0,55;0,39;1,79;;;;0,08;2,54
195509;-0,36;0,28;-0,99;0,16;-0,8;-0,96;1,77;;;;0,2;2,58
195510;-2,68;1,51;-0,16;0,18;-1,69;-1,87;-0,5;;;;0,01;0
195511;7,03;-2,2;0,32;0,17;5,51;5,34;2,67;;;;-3;3,65
195512;1,49;2,12;-2,29;0,18;2,24;2,06;-1,33;;;;-0,45;-0,14
195601;-3,03;0,4;0,94;0,22;-2,05;-2,27;-1,48;;;;1,3;0,98
195602;3,77;-0,98;-0,43;0,19;3,35;3,16;1,97;;;;-1,73;2,92
195603;6,64;-2,14;-0,5;0,15;5,12;4,97;3,59;;;;-2,86;-2,42
195604;0,28;0,04;-0,25;0,19;0,41;0,22;2,57;;;;-1,17;-1,49
195605;-5,2;1,46;-1,31;0,23;-3,99;-4,22;-1,62;;;;0,08;1,97
195606;3,48;-1,48;-1,13;0,2;2,13;1,93;2,71;;;;-1,42;0,8
195607;4,84;-1,67;-0,05;0,22;3,96;3,74;2,52;;;;-1,9;-1,14
195608;-3,18;1,9;-0,72;0,17;-1,79;-1,96;-0,69;;;;0,63;2,1
195609;-5,14;1,57;1,77;0,18;-3,58;-3,76;-0,76;;;;0,98;-1,36
195610;0,52;-0,09;-0,06;0,25;0,73;0,48;2,46;;;;-0,45;0,43
195611;0,36;-0,22;1,77;0,2;0,56;0,36;3,41;;;;2,39;-1,46
195612;3,16;-0,02;-2,16;0,24;2,3;2,06;3,81;;;;-1,25;0,1
195701;-3,58;3,37;2,82;0,27;0,3;0,03;-3,05;;;;4,96;3,64
195702;-2,06;-0,72;-0,72;0,24;-2,28;-2,52;0,31;;;;1,11;-0,12
195703;2,13;0,27;-0,46;0,23;2,23;2;-0,18;;;;-0,63;1,08
195704;4,26;-1,61;-1,47;0,25;2,58;2,33;0,96;;;;-1,9;-0,54
195705;3,45;-1,05;-2,1;0,26;2,14;1,88;0,44;;;;-2,06;0,2
195706;-0,74;0,55;0,03;0,24;-0,75;-0,99;0,77;;;;-1,56;-0,83
195707;0,66;-0,77;0,42;0,3;0,55;0,25;-0,07;;;;-0,56;0,59
195708;-5,11;0,05;-0,42;0,25;-4,91;-5,16;0,49;;;;2,1;0,38
195709;-5,98;0,06;0,91;0,26;-5,32;-5,58;0,62;;;;2,47;-4,04
195710;-4,32;-2,53;-1,83;0,29;-6,48;-6,77;1,94;;;;-0,14;-3,54
195711;2,3;0,37;-2,89;0,28;2,08;1,8;1,24;;;;-0,82;-0,16
195712;-3,91;-0,98;-1,61;0,24;-4,84;-5,08;7,79;;;;1,66;-1,2
195801;4,66;4,38;4,19;0,28;10,66;10,38;-7,63;;;;2,5;5,46
195802;-1,52;0,68;0,37;0,12;-1,13;-1,25;3,75;;;;0,82;1,79
195803;3,27;0,65;-0,96;0,09;3,58;3,49;-1,85;;;;-0,69;1,15
195804;3,09;-0,65;1,64;0,08;3,09;3,01;1,85;;;;1,13;-0,44
195805;2,31;2,19;-0,25;0,11;3,92;3,81;-1,82;;;;0,29;1,19
195806;2,93;-0,19;0,4;0,03;3,23;3,2;-0,87;;;;-0,68;1,96
195807;4,39;0,52;3,04;0,07;5,42;5,35;-3,62;;;;-2,12;2,7
195808;1,91;1,17;0,36;0,04;3,03;2,99;0,28;;;;0,65;1,71
195809;4,66;0,13;2,85;0,19;5,24;5,05;-1,13;;;;-0,65;2,55
195810;2,53;1,11;-1,18;0,18;3,26;3,08;3,12;;;;-0,99;1,32
195811;3,01;2;-1,19;0,11;4,29;4,18;1,57;;;;-0,36;0,72
195812;5,15;-2,04;-0,01;0,22;3,88;3,66;-0,65;;;;-0,33;1,87
195901;0,71;3,01;2,96;0,21;4,22;4,01;-0,24;;;;1,98;1,12
195902;0,95;1,51;1,1;0,19;2,83;2,64;3,4;;;;0,39;0,58
195903;0,28;1,5;-0,38;0,22;1,17;0,95;0,13;;;;-0,46;0,36
195904;3,66;-0,55;-1,33;0,2;2,65;2,45;3,15;;;;-0,46;0,08
195905;1,73;-2,1;1,7;0,22;0,78;0,56;1,5;;;;0,9;-0,71
195906;-0,25;0,65;1,35;0,25;0,51;0,26;2,91;;;;-0,03;0,91
195907;3,17;-0,3;0,23;0,25;3,05;2,8;-0,32;;;;-0,41;-0,09
195908;-1,39;-0,76;0,45;0,19;-1,43;-1,62;-0,95;;;;-1,13;-0,51
195909;-4,8;-0,09;0,55;0,31;-4,51;-4,82;0,85;;;;-0,12;-0,11
195910;1,28;1,45;-2,1;0,3;2,12;1,82;3,48;;;;-0,07;1,18
195911;1,6;1,24;-3,22;0,26;1,54;1,28;2,26;;;;-0,37;-1,62
195912;2,45;-0,58;-0,07;0,34;2,22;1,88;0,99;;;;-0,52;1,45
196001;-6,98;2,08;2,79;0,33;-3,88;-4,21;-3,49;;;;0,9;3,37
196002;1,17;0,51;-1,93;0,29;0,84;0,55;3,86;;;;-0,77;-0,53
196003;-1,63;-0,49;-2,94;0,35;-2,42;-2,77;1,43;;;;-1,41;-0,77
196004;-1,71;0,32;-2,29;0,19;-1,97;-2,16;2,81;;;;-1,2;-2,28
196005;3,12;1,22;-3,7;0,27;2,23;1,96;4,81;;;;-3,5;-3,55
196006;2,08;-0,22;-0,34;0,24;2,21;1,97;0,86;;;;-0,11;1,15
196007;-2,37;-0,52;2,03;0,13;-1,91;-2,04;-0,78;;;;0,28;1,13
196008;3,01;0,87;-0,18;0,17;3,81;3,64;1,92;;;;1,03;-1,24
196009;-5,99;-1,11;1,65;0,16;-6,04;-6,2;0,31;;;;1,27;-0,05
196010;-0,71;-4,07;2,86;0,22;-2,32;-2,54;1,25;;;;1,27;-2,17
196011;4,69;0,37;-2,37;0,13;4,73;4,6;3,74;;;;-2,55;1,05
196012;4,71;-1,57;-0,76;0,16;3,81;3,65;1,39;;;;-0,58;0,78
196101;6,2;0,66;3,66;0,19;8,17;7,98;-3,99;;;;3,72;1,21
196102;3,57;3,92;-0,64;0,14;6,13;5,99;0,98;;;;-2,73;1,28
196103;2,89;3,28;-0,7;0,2;4,96;4,76;4,51;;;;-3,02;1,48
196104;0,29;0,05;2,15;0,17;0,8;0,63;3,52;;;;0,85;1,89
196105;2,4;2,02;0,37;0,18;4,31;4,13;-1,56;;;;0,79;3,55
196106;-3,08;-2,49;-0,11;0,2;-4,12;-4,32;0,37;;;;-1,67;1,36
196107;2,83;-1,88;-0,09;0,18;1,13;0,95;0,24;;;;-0,32;1,33
196108;2,57;-1,75;-0,28;0,14;2,1;1,96;1,65;;;;-1,6;0,97
196109;-2,15;-1,06;-0,61;0,17;-2,93;-3,1;0,83;;;;-2,86;-1,65
196110;2,57;-1,63;0,15;0,19;2,14;1,95;3,13;;;;-0,51;-1,4
196111;4,45;1,26;-1,23;0,15;4,72;4,57;1,34;;;;-2,57;-0,49
196112;-0,18;-0,82;1,79;0,19;-0,4;-0,59;-2,24;;;;3,38;1,15
196201;-3,87;1,77;5,13;0,24;-0,78;-1,02;-2,07;;;;6,57;0,94
196202;1,81;-1,15;0,82;0,2;1,52;1,32;-1,02;;;;1,07;0,85
196203;-0,68;0,53;-1,38;0,2;-0,64;-0,84;1,83;;;;-1,11;0,65
196204;-6,59;-0,71;0,03;0,22;-6,8;-7,02;2,89;;;;0,54;-0,79
196205;-8,65;-3,34;2,77;0,24;-9,77;-10,01;0,38;;;;3,48;-0,09
196206;-8,47;-0,58;2,55;0,2;-8,48;-8,68;6,45;;;;1,74;-2,9
196207;6,28;1,51;-3,4;0,27;6,44;6,17;0,55;;;;-2;3,49
196208;2,13;1,22;-1,17;0,23;2,89;2,66;-0,58;;;;-1,1;-0,09
196209;-5,22;-2,45;1,26;0,21;-6,11;-6,32;3,95;;;;1,78;2,43
196210;-0,05;-3,97;1,3;0,25;-2,23;-2,48;0,75;;;;0,85;-2,11
196211;10,87;2,63;0,96;0,2;13,85;13,65;-7,17;;;;0,77;5,24
196212;1,01;-3,81;0,35;0,23;-0,93;-1,16;5,88;;;;-0,45;5,07
196301;4,93;3,07;2,22;0,25;7,91;7,66;-2,1;;;;1,62;4,54
196302;-2,38;0,5;2,17;0,23;-1,43;-1,66;2,52;;;;0,73;1,55
196303;3,08;-2,6;2,07;0,23;2,08;1,85;1,56;;;;1,25;1,4
196304;4,51;-1,31;0,99;0,25;3,84;3,59;-0,08;;;;1;-0,93
196305;1,76;1,12;2,53;0,24;3,27;3,03;0,37;;;;2,41;0,12
196306;-2;-0,29;0,75;0,23;-1,6;-1,83;1,17;;;;-0,23;1,8
196307;-0,39;-0,49;-0,94;0,27;-0,66;-0,93;1;0,66;-1,15;-0,45;-1,05;-0,03
196308;5,07;-1,02;1,82;0,25;4,25;4;1,03;0,4;-0,4;-0,82;1,58;1,4
196309;-1,57;-0,31;0,17;0,27;-1,13;-1,4;0,16;-0,76;0,24;-0,48;-0,09;1,19
196310;2,53;-0,57;-0,04;0,29;1,3;1,01;3,14;2,75;-2,24;-1,3;-0,21;-0,66
196311;-0,85;-1,15;1,7;0,27;-1,6;-1,87;-0,75;-0,45;2,22;-0,85;0;1,16
196312;1,83;-2,01;-0,06;0,29;-0,45;-0,74;1,7;0,07;-0,3;-1,9;-0,02;0,25
196401;2,24;-0,18;1,53;0,3;3,33;3,03;1,06;0,22;1,5;0,08;0,04;-0,38
196402;1,54;0,08;2,86;0,26;2,63;2,37;0,24;0,06;0,85;0,31;1,33;0,21
196403;1,41;0,94;3,37;0,31;2,79;2,48;0,71;-2,01;2,93;1,4;3,88;0,35
196404;0,1;-1,32;-0,66;0,29;0,14;-0,15;-0,6;-1,35;-1,08;-1,5;-2,52;3,35
196405;1,42;-0,94;1,99;0,26;0,73;0,47;2,54;-0,26;0,24;-0,7;-0,08;-1,3
196406;1,27;-0,27;0,72;0,3;1,01;0,71;0,45;-0,42;0,14;0,08;-0,47;0,52
196407;1,74;0,26;0,73;0,3;3;2,7;-0,38;0,14;1,84;0,52;-0,01;1,82
196408;-1,44;0,11;0,07;0,28;-0,6;-0,88;-0,19;0,06;0,36;0,31;-0,67;-1,07
196409;2,69;-0,53;1,72;0,28;3,82;3,54;-0,39;-0,48;0,58;-0,32;3,68;1,23
196410;0,59;0,42;1,15;0,29;1,95;1,66;0,08;-0,29;0,48;0,88;-0,72;1,24
196411;0;0,6;-1,95;0,29;-0,07;-0,36;1,08;0,6;-0,16;-0,27;-1,33;-0,75
196412;0,03;-0,26;-2,52;0,31;-1,34;-1,65;-0,69;1,13;-1,63;-0,58;-1,6;0,78
196501;3,54;2,72;0,16;0,28;7,34;7,06;-1,28;0,84;0,11;2,49;2,18;2,97
196502;0,44;3,5;0,16;0,3;3,36;3,06;0,3;0,4;-0,69;3,32;2,92;-0,57
196503;-1,34;1,81;1,05;0,36;1,42;1,06;0,1;-0,3;0,73;2,04;0,64;1,43
196504;3,11;1,2;0,68;0,31;4,1;3,79;2,54;0,26;-2,3;1,18;0,18;0,42
196505;-0,77;0,06;-1,63;0,31;-0,6;-0,91;0,54;-0,38;0,7;0,06;0,02;0,18
196506;-5,51;-4,36;0,56;0,35;-8,25;-8,6;-3,12;0,12;0,41;-4,3;-1,88;0,38
196507;1,43;0,87;2,18;0,31;2,92;2,61;4,1;-1,41;-0,02;1,08;1,59;2,54
196508;2,73;2,81;-0,96;0,33;4,19;3,86;2,58;2,06;-0,75;2,71;1,68;-1,35
196509;2,86;0,62;-0,09;0,31;2,72;2,41;3,37;-0,82;0,82;0,62;2,06;-1,36
196510;2,6;2,47;1,54;0,31;5,92;5,61;3,45;1,22;-0,76;3,42;0,94;-1,25
196511;-0,03;4,68;0,21;0,35;4,8;4,45;4,42;-1,06;-0,9;5,19;1,02;-2,29
196512;1,01;2,08;1,96;0,33;4,3;3,97;0,09;-1,28;-0,45;2,64;-0,22;2,84
196601;0,72;3,88;3,51;0,38;6,39;6,01;5,41;-2,83;-0,07;4,71;1,51;0,53
196602;-1,21;4,54;0,27;0,35;3,01;2,66;4,58;-0,15;-1,44;4,86;1,34;-2,7
196603;-2,51;0,94;-2,07;0,38;-0,88;-1,26;1,34;1,3;-0,01;0,22;0,67;-0,25
196604;2,14;3,45;-0,54;0,34;4,68;4,34;6,18;0,41;-0,91;3,36;1,52;-0,98
196605;-5,66;-4,68;-1,57;0,41;-8,75;-9,16;-4,69;1,66;-1,52;-5,18;-0,84;3,4
196606;-1,44;1,02;0,5;0,38;-0,56;-0,94;3,28;0,06;0,8;1,34;1,43;2,56
196607;-1,63;-0,46;0,99;0,35;-1,63;-1,98;-1,39;-0,45;1,77;-0,5;-0,41;1,24
196608;-7,91;-3,22;0,44;0,41;-10,06;-10,47;-2,11;0,05;0,77;-3,02;2,21;0,32
196609;-1,06;-1,06;0,49;0,4;-1,86;-2,26;-1,73;-1,65;2,5;-1,18;-1,65;1,07
196610;3,86;-6,62;2,86;0,45;-1,42;-1,87;-5,13;-3,64;4,28;-6,52;0,07;-1,46
196611;1,4;4,23;-4,53;0,4;4,15;3,75;5,73;4,17;-6,53;3,37;-0,15;9,07
196612;0,13;1,95;-1,28;0,4;1,61;1,21;1,07;0,68;-0,13;1,94;0,33;0,28
196701;8,15;8,25;2,45;0,43;17,4;16,97;-6,75;0,62;-2,97;8,97;0,54;3,55
196702;0,78;3,31;-2,15;0,36;4,35;3,99;3,56;1,94;-0,94;3,02;2,21;1,23
196703;3,99;1,54;0,46;0,39;5,92;5,53;1,42;0,9;-1,51;1,87;-0,86;1,84
196704;3,89;0,63;-2,52;0,32;4,16;3,84;0,64;2,43;-3,75;0,46;-3,58;0,48
196705;-4,33;1,95;0,99;0,33;-0,73;-1,06;0,67;-1,75;1,61;2,36;-0,3;1,8
196706;2,41;5,95;0,95;0,27;8,32;8,05;6,03;-0,64;-2,39;6,45;-0,4;-1,08
196707;4,58;3,02;2,8;0,31;8,38;8,07;-1,07;0,51;2,72;3,46;-1,61;0,1
196708;-0,89;0,47;1,39;0,31;0,72;0,41;-1,41;0,42;1,41;0,76;0,29;0,66
196709;3,11;3,11;-2,48;0,32;6,29;5,97;2,55;0,22;-0,95;2,47;-0,82;-0,62
196710;-3,09;1,42;-3,38;0,39;-2,12;-2,51;3,67;0,81;-2,55;0,47;0,37;-2,39
196711;0,37;0,21;-1,7;0,36;0,1;-0,26;1,29;1,29;-2,29;-0,06;-2,06;0,25
196712;3,05;5,74;-0,45;0,33;8,18;7,85;3,23;-0,64;0,03;5,76;1,85;-0,13
196801;-4,06;3,88;4,79;0,4;2,26;1,86;-4,64;-4,58;6,45;4,47;5,99;3,96
196802;-3,75;-2,96;1,18;0,39;-5,49;-5,88;-3,41;-0,14;2,49;-2,92;2,63;-0,81
196803;0,2;-1,28;-0,62;0,38;-1;-1,38;3,18;1,17;-1,15;-1,52;-2,46;1,51
196804;9,05;5,77;-1,14;0,43;14,21;13,78;5,15;2,79;-3,66;6,26;-4,9;-0,66
196805;2,28;6,42;0,86;0,45;9,35;8,9;3,73;0,39;-1,82;7,03;-1,86;-1,98
196806;0,69;-0,18;0,68;0,43;1,61;1,18;-1,92;-1,33;2,68;-0,27;2,69;3,75
196807;-2,72;-1,3;5,41;0,48;-2,81;-3,29;-0,84;-3;3,61;-1,33;6,27;-1,2
196808;1,34;2,35;1,01;0,42;3,58;3,16;1,88;-0,6;0,4;2,29;0,73;0,75
196809;4,03;2,76;0,33;0,43;6,91;6,48;-0,67;-2,03;0,92;2,77;0,08;-0,1
196810;0,42;-0,48;2,85;0,44;0,73;0,29;-1,52;-1,3;2,81;-0,43;2,69;1,33
196811;5,43;2,35;-0,9;0,42;7,24;6,82;1,73;0,46;-2,52;2,41;-2,15;3,34
196812;-3,94;3,43;0;0,43;0,45;0,02;0,11;-1,78;1,65;3,6;-1;2,35
196901;-1,25;-0,77;1,66;0,53;-0,37;-0,9;-0,15;-1,54;1,41;-0,46;2,32;2,4
196902;-5,84;-3,9;0,86;0,46;-8,61;-9,07;-2,46;2,17;0,8;-4,13;2,31;2,4
196903;2,64;-0,26;-0,52;0,46;1,96;1,5;3,95;-1,34;-0,42;-0,41;-0,02;0,34
196904;1,46;-0,87;-0,03;0,53;0,42;-0,11;1,17;0,38;0,06;-0,82;0,07;-1
196905;-0,1;-0,26;0,71;0,48;0,4;-0,08;1,68;-0,97;1,49;-0,18;1,36;1,44
196906;-7,18;-5,39;-1,1;0,51;-11,31;-11,82;-2,23;4,26;-1,55;-5,49;1,45;-0,13
196907;-7;-3,2;1,22;0,53;-9,59;-10,12;1,64;1,4;1,97;-3,37;2,99;-1,85
196908;4,68;0,93;-3,83;0,5;5,26;4,76;2,14;1,16;-4,08;0,7;-4,65;3,3
196909;-2,98;1,18;-3,27;0,62;-2,45;-3,07;2,53;3,42;-0,83;1,29;-1,11;0,6
196910;5,06;3,84;-3,04;0,6;9,4;8,8;-4,32;0,01;-2,03;3,9;-1,8;-0,55
196911;-3,79;-2,54;-1,15;0,52;-5,63;-6,15;3,6;1,44;0,32;-2,41;-0,51;1,16
196912;-2,63;-3,65;-3;0,64;-6,74;-7,38;5,05;2,47;-2,04;-3,69;0,09;-3,04
197001;-8,1;2,91;3,15;0,6;-3,96;-4,56;0,63;-1,77;3,92;3,09;4,09;-0,17
197002;5,13;-2,41;4,02;0,62;4,16;3,54;0,12;-2,28;3,06;-2,58;1,67;2,66
197003;-1,06;-2,32;4,09;0,57;-2,34;-2,91;-0,29;-0,87;4,43;-2,4;5,18;0,64
197004;-11;-6,09;6,21;0,5;-16,16;-16,66;-0,73;-0,64;5,88;-6,29;6,8;-4,48
197005;-6,92;-4,54;3,43;0,53;-9,07;-9,6;-2,73;-1,3;3,62;-4,42;3,94;-3,25
197006;-5,79;-2,14;0,6;0,58;-7,62;-8,2;5,78;0,19;2,9;-2,16;3,21;-0,15
197007;6,93;-0,55;1,01;0,52;5,83;5,31;-2,94;-0,07;1,9;-0,69;1,62;4,32
197008;4,49;1,53;1,02;0,53;6,27;5,74;-6,5;0,57;-0,15;1,55;-0,81;1,46
197009;4,18;8,56;-5,63;0,54;12,87;12,33;-8,92;0,24;-5,93;8,48;-7,7;0,55
197010;-2,28;-4,28;0,25;0,46;-6,02;-6,48;9,61;1,83;2,38;-4,5;0,7;6,89
197011;4,6;-4,07;1,67;0,46;0,24;-0,22;2,89;1,75;1,59;-4;1,9;-0,52
197012;5,72;3;0,86;0,42;8,34;7,92;-2,19;0,14;0,28;3,03;1,16;2,5
197101;4,84;7,37;1,33;0,38;13,8;13,42;-6,71;-2,19;-0,14;7,54;0,83;2
197102;1,41;1,86;-1,22;0,33;4,83;4,5;0,81;0,65;-0,72;2,04;-0,24;1,77
197103;4,13;2,5;-4,06;0,3;5,54;5,24;-1,21;1,97;-2,69;2,14;-2,11;0,21
197104;3,15;-0,5;0,71;0,28;2,68;2,4;1,32;-1,56;0,72;-0,38;1,97;0,91
197105;-3,98;-1,11;-1,48;0,29;-5,07;-5,36;0,89;1,46;0,3;-1,18;-0,67;0,56
197106;-0,1;-1,43;-1,82;0,37;-1,8;-2,17;2,72;1,52;-1,74;-1,45;-0,95;-0,89
197107;-4,5;-1,5;0,17;0,4;-5,65;-6,05;-2,37;0,48;1,62;-1,4;-2,83;1,46
197108;3,79;-0,18;2,56;0,47;4,23;3,76;3,51;-0,34;2,6;-0,18;1,86;5,46
197109;-0,85;0,43;-2,89;0,37;-0,59;-0,96;2,09;2,59;-1,56;0,2;-1,81;0,32
197110;-4,42;-1,8;-0,37;0,37;-5,86;-6,23;0,46;1,48;-1,24;-1,65;-0,06;-1,23
197111;-0,46;-2,8;-1,73;0,37;-3,36;-3,73;1,48;2,45;-0,36;-2,88;-0,89;-0,82
197112;8,71;3,29;-0,41;0,37;11,97;11,6;-0,68;-0,43;-1,83;3,26;0,74;3,72
197201;2,49;6,07;1,93;0,29;10,6;10,31;0,24;-1,48;0,29;6,31;3,01;-0,29
197202;2,87;1,4;-2,8;0,25;4,15;3,9;2,7;1,65;-0,52;0,96;-1,37;-0,02
197203;0,63;-0,3;-1,68;0,27;-0,1;-0,37;2,91;1,58;-0,19;-0,5;-1,63;1,46
197204;0,29;0,01;0,24;0,29;0,14;-0,15;2,9;-0,59;-0,89;0,15;-0,22;0,18
197205;1,25;-2,74;-2,73;0,3;-1,96;-2,26;3,18;2,33;-1,85;-3,14;-1,63;-1,05
197206;-2,43;0,34;-2,6;0,29;-3,44;-3,73;1,91;1,75;-0,36;-0,35;-1,05;-1,67
197207;-0,8;-2,86;0,71;0,31;-3,16;-3,47;2,74;1,08;-0,59;-2,74;-0,28;-2,25
197208;3,26;-4,07;4,64;0,29;1,17;0,88;-5,35;-2,02;2,95;-3,53;3,07;0,64
197209;-1,14;-2,67;0,51;0,34;-3,2;-3,54;1,76;1,67;-1,98;-2,25;-1,36;1,44
197210;0,52;-2,72;1,3;0,4;-1,5;-1,9;0,76;-0,12;-0,05;-2,52;0,27;-0,7
197211;4,6;-1,12;4,82;0,37;5,16;4,79;-5,14;-1,98;3,35;-0,54;1,43;3,35
197212;0,62;-1,87;-2,24;0,37;-2,15;-2,52;4,98;2,6;-2,2;-1,82;-2,3;3,88
197301;-3,29;-3,47;2,67;0,44;-4,07;-4,51;3,71;0,4;0,92;-2,79;0,02;-1,39
197302;-4,85;-3,99;1,71;0,41;-7,43;-7,84;2,12;-0,34;-0,01;-4,01;-0,2;-2,21
197303;-1,3;-2,81;2,73;0,46;-2,76;-3,22;3,62;-1,07;0,73;-2,31;1,03;0,43
197304;-5,68;-3,96;5,62;0,52;-7,3;-7,82;6,41;-1,63;2,71;-2,99;2,51;-0,66
197305;-2,94;-6,13;0,25;0,51;-8,34;-8,85;7,09;2,02;-1,79;-5,98;-2,42;-1,02
197306;-1,56;-2,93;1,37;0,51;-3,38;-3,89;4,32;-0,27;0,22;-2,53;-0,45;0,16
197307;5,05;7,97;-5,32;0,64;10,98;10,34;-11,69;-0,1;-3,46;7,28;0,39;9,56
197308;-3,82;-2,12;1,32;0,7;-4,53;-5,23;3,42;-1,36;1,2;-1,79;0,35;1,77
197309;4,75;3,07;2,01;0,68;7,34;6,66;-7,03;-2,3;1,82;3,58;5,75;1,63
197310;-0,83;-0,4;2,03;0,65;-0,33;-0,98;6,74;-1,94;2,59;-0,32;2,48;1,81
197311;-12,75;-7,65;3,91;0,56;-17,61;-18,17;8,63;-2,71;1,5;-7,24;-2,33;-4,59
197312;0,61;-5,25;3,9;0,64;-4,07;-4,71;10,39;-2,8;2,3;-4,59;2,62;0,37
197401;-0,17;9,66;5,99;0,63;13,25;12,62;-8,82;-3,01;4,46;10,38;7,72;9,16
197402;-0,47;-0,13;2,86;0,58;0,71;0,13;0,14;-1,93;2,67;0,1;4,57;0,76
197403;-2,81;2,59;-0,28;0,56;0,94;0,38;-0,99;2,82;0,36;2,67;-0,17;4,02
197404;-5,29;-0,71;0,95;0,75;-5,33;-6,08;2;2,86;1,84;-0,63;1,27;-1,33
197405;-4,68;-3,03;-2,08;0,75;-6,97;-7,72;-0,26;5,08;-0,01;-3,17;-3;-2,88
197406;-2,83;-0,16;0,78;0,6;-3,04;-3,64;2,37;0,62;3,05;-0,01;-1,75;-0,97
197407;-8,05;0,92;5,14;0,7;-5,32;-6,02;3,01;-3,26;4,58;1,99;3,33;0,92
197408;-9,35;-0,68;2,5;0,6;-8,14;-8,74;3;-0,26;2,55;0,3;1,98;2,07
197409;-11,77;0,27;5,49;0,81;-7,9;-8,71;4,32;-4,28;5,91;1,46;0,79;3,32
197410;16,1;-3,51;-9,99;0,51;9,06;8,55;-0,5;-0,03;-2,94;-6,85;-4,79;8,81
197411;-4,51;-1,17;-0,16;0,54;-4,89;-5,43;2,18;-3,39;2,95;-1,44;0,13;-0,31
197412;-3,45;-4,84;0;0,7;-7,73;-8,43;2,95;-0,65;3,23;-4,36;-3,95;-0,35
197501;13,66;11,01;8,44;0,58;29,02;28,44;-13,89;-0,89;-0,86;12,79;14,5;14,76
197502;5,56;0,16;-4,56;0,43;5,71;5,28;-0,55;1,15;-2,14;-0,65;0,22;4,66
197503;2,66;3,75;2,49;0,41;8,23;7,82;-1,99;1,23;-1,25;3,98;4,72;3,56
197504;4,23;-0,54;-1,11;0,44;3,4;2,96;1,34;1,37;-1,35;-0,59;-1,99;-0,46
197505;5,19;3,83;-4,02;0,44;7,46;7,02;-0,47;-1,05;-0,61;2,89;2,13;3,95
197506;4,83;0,76;1,32;0,41;7,32;6,91;0,06;-2,62;1,07;1,32;2,43;3,24
197507;-6,59;2,69;1,7;0,48;-0,76;-1,24;0,42;0,43;1,19;3,42;0,77;1,19
197508;-2,85;-3,2;-0,95;0,48;-4,69;-5,17;-0,13;1,03;-0,89;-2,8;-2,33;0,68
197509;-4,26;-0,12;0,34;0,53;-3,66;-4,19;0,32;0,53;0,5;0,02;-1,46;-0,43
197510;5,31;-4,04;0,34;0,56;1,64;1,08;-0,14;-0,46;2,27;-4,24;0,71;1,58
197511;2,64;-1,19;1,96;0,41;1,93;1,52;-0,45;-0,62;1,71;-1,07;2,17;-2,53
197512;-1,6;-0,75;1,74;0,48;-0,41;-0,89;-0,12;-0,12;0,6;-0,03;-0,32;3,26
197601;12,16;4,82;8,65;0,47;18,75;18,28;4,46;-1,9;2,36;6,35;9,25;2,82
197602;0,32;7,03;5,85;0,34;11,26;10,92;0,36;-2,58;3,84;7,97;4,87;-2,47
197603;2,32;-1,15;-0,08;0,4;2,18;1,78;0,19;-0,38;1,09;-1,33;0,36;4,3
197604;-1,49;-0,03;-0,14;0,42;-0,55;-0,97;0,5;0,39;-1,1;0,15;-1,83;2,09
197605;-1,34;-1,25;-1,3;0,37;-1,91;-2,28;-1,1;2,47;-1,42;-1,12;-3,4;-0,81
197606;4,05;-1,35;0,65;0,43;2,9;2,47;-0,43;-0,59;0,93;-1,13;1,67;0,66
197607;-1,07;0,29;1,69;0,47;0,25;-0,22;-0,12;-1,09;0,29;0,62;0,49;1,65
197608;-0,56;-2,02;0,81;0,42;-1,57;-1,99;-0,85;-0,46;-0,59;-2,03;0,22;-1,97
197609;2,07;0;-0,24;0,44;1,56;1,12;0,24;0,99;-1,14;0,12;-0,54;-0,51
197610;-2,42;0,25;-0,15;0,41;-2,08;-2,49;-0,48;-0,22;-0,32;0,16;-1,52;1,18
197611;0,36;2,32;1,51;0,4;2,57;2,17;2,9;-1,39;0,07;2,66;1,19;0,6
197612;5,65;3;2,2;0,4;9,98;9,58;0,77;-0,62;2,23;3,6;2,74;3,96
197701;-4,05;4,77;4,25;0,36;3,67;3,31;3,98;-0,53;1,93;5,89;0,88;0,6
197702;-1,94;1,08;0,52;0,35;0,31;-0,04;0,35;-0,13;-0,19;1,11;-1,49;1,38
197703;-1,37;1;1,06;0,38;1,03;0,65;0,49;-0,32;-0,09;1,29;-0,91;0,94
197704;0,15;-0,11;3,44;0,38;1,79;1,41;4,22;-2,05;1,14;0,6;0,23;-1,22
197705;-1,45;1,17;0,84;0,37;0,37;0;2,01;0,33;0,11;1,28;0,18;-0,29
197706;4,71;2,14;-0,68;0,4;5,37;4,97;1,77;0,88;-1,22;2,08;3,31;0,08
197707;-1,69;2,11;-0,6;0,42;1,19;0,77;0,31;0,83;0,01;1,82;1,46;1,05
197708;-1,75;1,52;-2,76;0,44;-0,32;-0,76;-1,78;0,96;-0,62;0,89;3,43;-0,67
197709;-0,27;1,45;-0,51;0,43;1,41;0,98;2,06;1,23;-0,84;1,56;0,64;0,86
197710;-4,38;1,26;1,73;0,49;-2,3;-2,79;-0,13;-0,3;-0,46;1,5;-1,14;1,74
197711;4;3,72;0,29;0,5;7,15;6,65;2,19;-0,05;0,65;3,62;3,25;2,13
197712;0,27;1,35;-0,38;0,49;2,13;1,64;1,56;0,94;-0,65;1,61;-1,77;-0,15
197801;-6,01;2,21;3,31;0,49;-1,24;-1,73;-0,72;-1,67;1,53;2,69;1,43;1,12
197802;-1,38;3,59;0,71;0,46;2,55;2,09;1,9;0,36;1,04;3,67;-0,81;1,25
197803;2,85;3,48;1,23;0,53;6,75;6,22;1,37;-0,6;1,88;3,72;0,74;-0,31
197804;7,88;0,41;-3,56;0,54;8,07;7,53;0,85;2,82;-1,35;-0,31;1,99;0,19
197805;1,76;4,56;-0,59;0,51;6,92;6,41;2,85;0,27;0,36;4,56;-0,14;0,02
197806;-1,69;1,69;0,55;0,54;0,96;0,42;2,78;-1,44;-0,02;1,59;0,11;1,37
197807;5,11;0,26;-1,08;0,56;5,23;4,67;4,22;1,58;-0,78;0,15;0,57;0,92
197808;3,75;5,06;-0,57;0,56;9,36;8,8;2,82;1,39;0,42;4,93;-0,51;0,93
197809;-1,43;-0,4;1,87;0,62;0,5;-0,12;-3,11;-0,68;1,8;-0,29;-0,69;3,67
197810;-11,91;-9,88;1,4;0,68;-18,08;-18,76;-8,39;0,17;1,03;-10,05;-0,04;-1,77
197811;2,71;3,01;-2,19;0,7;4,25;3,55;5,52;1,09;-1,21;2,84;-0,79;9,16
197812;0,88;1,25;-2,17;0,78;1,41;0,63;3,05;1,96;-1,38;1,08;0,25;-0,34
197901;4,23;3,66;2,29;0,77;9,27;8,5;-1,24;-2,5;1,57;3,84;-0,77;5,51
197902;-3,56;0,45;1,16;0,73;-1,89;-2,62;-1,06;-1,14;1,04;0,55;0,95;1,3
197903;5,68;3,19;-0,69;0,81;8,13;7,32;2,88;0,62;0,28;3,16;-0,36;1,41
197904;-0,06;2,18;1;0,8;2,74;1,94;0,81;1,05;0,21;2,4;-0,39;-0,36
197905;-2,21;0,16;1,3;0,82;-0,97;-1,79;-0,57;-1,39;-0,35;0,15;0,75;1,22
197906;3,85;1,17;1,45;0,81;5,46;4,65;0,82;-1,61;-0,45;0,99;-2,71;1,2
197907;0,82;1,26;1,75;0,77;2,31;1,54;-1,09;-0,2;0,59;1,24;-2;0,61
197908;5,53;2,09;-1,52;0,77;7,49;6,72;-0,23;1,58;-1,45;1,98;-1,71;0,8
197909;-0,82;-0,25;-0,87;0,83;-0,24;-1,07;5,34;1,02;0,54;-0,27;0,08;-1,57
197910;-8,1;-3,35;-1,81;0,87;-9,66;-10,53;2,12;1,04;0,24;-3,46;1,47;-1,94
197911;5,21;2,76;-3,38;0,99;6,56;5,57;7,96;0,11;-2;2,44;-2,26;1,36
197912;1,79;4,19;-2,04;0,95;6,6;5,65;4,78;-0,67;-1,01;4,35;-0,33;-1,92
198001;5,51;1,65;1,72;0,8;10,02;9,22;7,51;-1,67;2,01;1,9;-0,93;-3,41
198002;-1,22;-1,83;0,66;0,89;-0,98;-1,87;7,88;0,11;3,03;-1,5;-0,08;-4,98
198003;-12,9;-6,65;-1,02;1,21;-16,1;-17,31;-9,59;1,38;-1,34;-6,97;2,6;8,39
198004;3,97;0,96;1,01;1,26;5,22;3,96;-0,42;-2,09;0,54;1;-0,12;1,38
198005;5,26;2,16;0,38;0,81;7,3;6,49;-1,11;0,31;-0,47;2,1;0,76;2,87
198006;3,06;1,66;-0,85;0,61;4,31;3,7;1,59;-0,09;-0,95;1,47;-2,89;2,18
198007;6,49;4,25;-6,29;0,53;9,3;8,77;0,37;3,94;-2,46;3,93;-1,62;2,9
198008;1,8;3,91;-2,64;0,64;6,58;5,94;3,19;2,1;-0,8;4,26;-1,53;-0,98
198009;2,19;0,87;-4,77;0,75;4,92;4,17;5,44;2,03;-2,81;0,58;-1,78;-1,43
198010;1,06;2,48;-2,77;0,95;4,31;3,36;7,32;1,67;-1,22;2,33;-2,83;-1,99
198011;9,59;-3,46;-8,36;0,96;6,75;5,79;15,24;4,53;-5,74;-3,41;-7,8;-9,84
198012;-4,52;-0,27;2,73;1,31;-3,15;-4,46;-6,65;-1,25;1,18;-0,3;3,41;6,39
198101;-5,04;3,01;6,83;1,04;0,67;-0,37;-7,94;-3,54;4,35;3,38;7,6;-2,26
198102;0,57;-0,32;1;1,07;0,64;-0,43;-1,39;0,19;2,25;-0,49;2,59;-2,25
198103;3,56;3,58;0,69;1,21;7,34;6,13;0,73;-2,34;-0,53;3,07;1,56;1,58
198104;-2,11;4,42;2,29;1,08;2,98;1,9;-0,95;0,82;1,2;4,6;2,82;-1,49
198105;0,11;2;-0,47;1,15;2,75;1,6;3,75;0,33;-1,6;2,45;1,6;-3,7
198106;-2,36;-0,83;5,1;1,35;-0,55;-1,9;-5,9;-1,35;2,68;-0,96;0,96;4,75
198107;-1,54;-2,18;-0,68;1,24;-2,01;-3,25;-2,52;1,08;-3,04;-1,97;-3,51;-0,58
198108;-7,04;-1,96;4,84;1,28;-7,46;-8,74;-1,12;-0,25;1,46;-1,81;1,28;-0,66
198109;-7,17;-2,66;5,2;1,24;-8,81;-10,05;1,97;-0,02;2,79;-2,5;5,17;-1,17
198110;4,92;2,14;-4,22;1,21;7,11;5,9;4,07;3,29;-2,76;2,24;-4,91;4,67
198111;3,36;-0,97;1,89;1,07;1,92;0,85;-0,26;0,1;0,63;-1,38;0,58;2,59
198112;-3,65;1,17;0,75;0,87;-2,04;-2,91;1,32;0,19;2,41;1,19;1,36;1,62
198201;-3,24;-1,29;3,19;0,8;-1,79;-2,59;1,73;-1,52;2,08;-1,18;6,41;-1,22
198202;-5,86;0,48;6,1;0,92;-4,61;-5,53;5;-3,38;4,57;0,36;5,94;-4,32
198203;-1,87;-0,2;3,79;0,98;-1,07;-2,05;2,93;-1,44;2,37;0;4,04;-1,86
198204;3,27;1,51;-2,77;1,13;5,39;4,26;-0,41;1,51;-0,15;1,15;-1,73;1,66
198205;-3,99;0,47;1,8;1,06;-2,43;-3,49;2,55;0,91;-0,09;0,56;1,61;1,93
198206;-3,09;-0,4;1,54;0,96;-3,34;-4,3;5;0,03;2,72;-0,51;1,92;0,16
198207;-3,19;0,82;0,12;1,05;-1,63;-2,68;4,47;1,03;1,54;0,95;2,36;-2,91
198208;11,14;-4,09;1;0,76;6,31;5,55;-3,52;-1,96;0,18;-4,29;-1;1,12
198209;1,29;2,89;0,33;0,51;3,18;2,67;4,17;2,12;-0,04;2,58;-0,46;4,29
198210;11,3;2,35;-3,73;0,59;13,04;12,45;0,03;0,3;-0,37;1,92;-0,94;2,88
198211;4,67;4,77;-1,89;0,63;9,38;8,75;5,89;-1,05;0,32;4,53;1,03;-4,47
198212;0,55;-0,19;-0,03;0,67;2,22;1,55;0,02;-0,07;1,03;-0,01;1,05;3,77
198301;3,6;2,7;-0,81;0,69;11,04;10,35;-1,7;-1,5;-0,46;3,28;0,1;3,14
198302;2,59;3,24;0,7;0,62;5,44;4,82;3,83;-0,57;1,02;2,91;-0,43;2,69
198303;2,82;1,76;2,05;0,63;5,18;4,55;0,93;-0,07;2,81;1,41;0,94;0,36
198304;6,67;0,52;0,56;0,71;8,04;7,33;1,8;-0,16;1,6;0,48;3,21;-0,51
198305;0,52;6,15;-1,42;0,69;9,27;8,58;-1,59;-1,85;-1,53;6,22;-2,07;2,73
198306;3,07;0,89;-3,93;0,67;4,83;4,16;1,78;2,52;-0,89;1,15;-0,92;0,19
198307;-4,07;1,46;5,61;0,74;-1,95;-2,69;-3,13;-0,03;2,84;0,98;1,07;2,01
198308;-0,5;-4,3;5,56;0,76;-3,45;-4,21;-5,44;0,45;1,95;-4,34;0,11;-0,59
198309;0,91;0,56;1,08;0,76;0,23;-0,53;-0,1;1,21;0,59;0,25;0,76;2,34
198310;-3,44;-3,6;5,07;0,76;-5,77;-6,53;-4,56;-0,81;2,97;-3,82;1,16;-1,69
198311;2,16;2,03;-0,64;0,7;2,94;2,24;-0,09;-0,48;0,64;1,88;-1,38;4,88
198312;-1,78;-0,29;1,68;0,73;-2,2;-2,93;0,74;1,59;1,21;-0,47;1,32;1,91
198401;-1,92;-0,43;7,62;0,76;0,28;-0,48;-2,49;-0,93;3;-0,07;4,26;0,65
198402;-4,82;-1,71;3,36;0,71;-5,57;-6,28;0,19;0,82;1,57;-1,62;0,23;-2,01
198403;0,63;0,08;0,51;0,73;0,71;-0,02;1,09;-0,93;1,09;-0,28;0,71;2,42
198404;-0,51;-1,21;1,27;0,81;-2,01;-2,82;2,05;3,27;0,76;-1,02;-1,59;1,51
198405;-5,97;0,03;0,26;0,78;-4,98;-5,76;1,52;2,32;-0,5;0,08;-0,2;0,87
198406;1,82;-0,32;-2,62;0,75;1,47;0,72;-0,7;3,08;-1,51;0,07;-3,62;0,96
198407;-2,74;-2,22;0,48;0,82;-4,76;-5,58;2,93;3,69;-2,17;-2,22;-1,64;-1,49
198408;10,28;-0,27;-1,82;0,83;8,92;8,09;-5,69;-0,89;-0,81;-0,3;-1,72;7,28
198409;-0,8;0,2;5,32;0,86;-0,09;-0,95;3,67;1,4;2,53;0;1,76;4,35
198410;-0,84;-1,2;0,51;1;-2,21;-3,21;3,21;1,17;-1,16;-1,43;-1,77;-1,26
198411;-1,76;-0,63;4,08;0,73;-3,27;-4;1,7;0,81;2,08;-0,98;1,03;-0,67
198412;1,84;-0,6;-0,2;0,64;0,66;0,02;1,54;1,21;-1,26;-0,69;-3,09;0,74
198501;7,99;3,29;-5,41;0,65;12,48;11,83;-6,9;-0,83;-3,36;3,5;-1,88;2,33
198502;1,22;0,76;-0,13;0,58;4,75;4,17;1,82;1,26;1,03;1;-0,06;2,42
198503;-0,84;-1,15;4,1;0,62;-0,99;-1,61;1,68;1,18;2,94;-1,48;-0,71;-1,29
198504;-0,96;0,14;3,72;0,72;-1,29;-2,01;3,06;1,59;0,71;-0,1;0,05;-2,47
198505;5,09;-2,25;-0,92;0,66;2,35;1,69;4;1,3;-1,39;-2,33;-3,97;-0,49
198506;1,27;0,5;0,5;0,55;0,54;-0,01;3,63;1,69;-0,59;0,35;-2,39;-0,63
198507;-0,74;2,84;-1,68;0,62;1,93;1,31;-3,94;-0,45;-0,31;2,89;1,66;3,62
198508;-1,02;-0,33;2,32;0,55;-0,41;-0,96;1,82;-0,04;1,88;-0,32;0,1;1,82
198509;-4,54;-1,59;1,31;0,6;-5,78;-6,38;1,48;1,16;1,61;-1,81;-0,82;-1,84
198510;4,02;-1,57;0,78;0,65;1,86;1,21;4,88;0,92;-1,11;-1,55;-2,47;0,72
198511;6,48;0,22;-2,88;0,61;5,46;4,85;-0,4;0,29;-2,33;0;-2,39;2,35
198512;3,88;-0,49;-1,52;0,65;2,99;2,34;-0,13;0,97;-1,8;-0,39;-3,15;-0,63
198601;0,65;1,22;0,52;0,56;4,3;3,74;2,96;-2,02;-2,05;1,01;-2,83;0,73
198602;7,13;-0,62;-0,85;0,53;6,23;5,7;2,78;1,15;-1,39;-0,75;-3,68;-1,63
198603;4,88;-0,52;-0,44;0,6;4,83;4,23;2,45;1,12;0,99;-0,57;-2,22;-0,24
198604;-1,31;2,85;-2,86;0,52;1,47;0,95;-0,5;2,91;0,02;2,92;-1,17;2,84
198605;4,62;-1,32;-0,14;0,49;3,75;3,26;2,02;2,08;1,11;-1,26;-1,38;0,98
198606;1,03;-0,93;1,36;0,52;0,85;0,33;5,16;1,83;0,87;-0,88;-6,4;-2,35
198607;-6,45;-3,39;4,76;0,52;-7,63;-8,15;1,8;-0,57;0,61;-3,54;-3,96;-3,05
198608;6,07;-4,2;3,5;0,46;1,85;1,39;-5,01;-1,74;3,24;-4,37;4,75;1,16
198609;-8,6;2,26;3,16;0,45;-6,38;-6,83;-5,86;-0,05;3,62;1,96;3,86;-0,33
198610;4,66;-2,48;-1,37;0,46;2,52;2,06;2,69;0,13;0,89;-2,33;0,68;3,55
198611;1,17;-1,92;-0,13;0,39;-0,82;-1,21;-0,32;1,12;0,61;-1,88;0,15;0,69
198612;-3,27;0,09;0,27;0,49;-3,73;-4,22;0,4;0,83;-0,03;0,07;0,55;0,56
198701;12,47;-1,83;-3,26;0,42;11,87;11,45;2,1;0,2;-1,09;-1,52;3,18;0,43
198702;4,39;3,49;-5,97;0,43;7,57;7,14;-2,17;-0,9;-2,76;3,41;-0,12;-1,09
198703;1,64;0,39;1,62;0,47;3,16;2,69;1,6;1,36;4,03;0,22;4,22;1,83
198704;-2,11;-1,7;-0,34;0,44;-1,94;-2,38;0,26;-0,46;1,22;-1,55;3,89;-1,88
198705;0,11;-0,53;0,22;0,38;0,24;-0,14;-0,68;0,52;1,32;-0,6;2,21;-0,26
198706;3,94;-2,18;1,01;0,48;2,46;1,98;-0,2;1,73;0,83;-2,29;-1,48;0,11
198707;3,85;-0,67;0,67;0,46;3,25;2,79;2,67;-0,5;1,56;-1,11;2,33;-0,16
198708;3,52;-0,72;-0,92;0,47;1,61;1,14;-0,87;2,03;-1,59;-0,9;-3,05;2,53
198709;-2,59;0,52;0,27;0,45;-1,63;-2,08;0,71;-0,9;1,89;0,37;3,1;-0,41
198710;-23,24;-8,41;4,2;0,6;-27,67;-28,27;-7,86;2,01;2,39;-8,08;-5,81;0,09
198711;-7,77;2,78;3,13;0,35;-5,47;-5,82;-1,14;-1,92;0,71;2,83;-0,35;-0,81
198712;6,81;0,13;-4,45;0,39;2,98;2,59;5,83;3,01;-2,36;0,09;2,89;5,91
198801;4,21;-0,78;4,99;0,29;8,06;7,77;-7,58;-1,12;2,09;-0,54;-1,69;7,91
198802;4,75;3,35;-1,62;0,46;6,47;6,01;-1,54;1,56;-0,11;3,32;1,53;4,36
198803;-2,27;6,15;0,72;0,44;3,61;3,17;0,63;-0,16;1,91;6,25;1,21;-0,9
198804;0,56;0,96;1,7;0,46;1,33;0,87;2,25;-0,23;1,9;1,12;0,47;0,33
198805;-0,29;-2,64;2,33;0,51;-1,71;-2,22;0,64;-0,7;0,38;-2,59;-0,11;0,57
198806;4,79;2,17;-1,09;0,49;5,01;4,52;-2,91;1,42;-3,25;2,19;1,83;1,82
198807;-1,25;-0,22;2,2;0,51;0,01;-0,5;0,63;-0,59;1,44;-0,17;-1,36;3,4
198808;-3,31;0,06;2,12;0,59;-2,26;-2,85;0,33;-0,74;1,73;-0,01;-2;-1,95
198809;3,3;-1,26;-0,68;0,62;1,98;1,36;0,23;1,73;-0,49;-1,31;-1,94;-0,13
198810;1,15;-2,9;1,7;0,61;-1,4;-2,01;1,31;1,4;1,05;-2,95;-0,11;-0,92
198811;-2,29;-1,73;1,3;0,57;-4,07;-4,64;0,42;-0,28;1,6;-1,66;-0,82;-0,74
198812;1,49;1,94;-1,54;0,63;2,13;1,5;0,42;0,63;-0,37;2,01;0,78;2,25
198901;6,1;-2,14;0,49;0,55;6,35;5,8;-0,14;-1,03;0,16;-2,23;2,89;1,12
198902;-2,25;2,77;0,9;0,61;0,37;-0,24;0,94;-0,81;1,9;2,67;0,91;1,09
198903;1,57;0,74;0,47;0,67;1,67;1;3,56;0;0,79;0,77;0,16;-0,91
198904;4,33;-0,58;-1,42;0,67;3,27;2,6;1,69;0,75;-0,54;-0,69;-1,12;-0,68
198905;3,35;-0,05;-0,9;0,79;2,86;2,07;1,56;0,5;-0,03;-0,01;-1,73;-2,74
198906;-1,35;-1;2,27;0,71;-1,23;-1,94;0,63;0,22;1,52;-1,07;-0,74;2,28
198907;7,2;-4,03;-2,79;0,7;3,01;2,31;5,41;1,97;-0,61;-4,05;-1,81;1,3
198908;1,44;0,51;0,63;0,74;2,04;1,3;-0,15;0,34;-0,5;0,43;0,14;1,88
198909;-0,76;0,25;-1,25;0,65;0,31;-0,34;3,4;1,36;0,59;0,44;-2,81;1,19
198910;-3,67;-3,25;-1,07;0,68;-5,2;-5,88;1,36;0,01;0,01;-3,32;-3,58;-4,29
198911;1,03;-1,27;-1,07;0,69;-1,1;-1,79;2,58;-0,97;1,47;-1,33;-1,25;-1,75
198912;1,16;-2,4;0,21;0,61;-1,59;-2,2;2,79;-0,06;1,44;-2,3;-0,85;-2,54
199001;-7,85;-1,26;0,78;0,57;-5,16;-5,73;-3,28;-1,13;1,32;-1,32;3,26;1,08
199002;1,11;1,02;0,65;0,57;1,96;1,39;-0,53;-0,2;-0,64;1,19;1,9;0,45
199003;1,83;1,55;-3,03;0,64;2,5;1,86;1,64;2,18;-1,03;1,66;-0,14;0,22
199004;-3,36;-0,5;-2,47;0,69;-2,64;-3,33;2,43;1,72;-0,97;-0,39;-1,12;-2,04
199005;8,42;-2,56;-3,89;0,68;4,5;3,82;3,05;1,63;-1,57;-2,39;0,96;-0,44
199006;-1,09;1,42;-1,99;0,63;0,4;-0,23;2,43;-1,05;-0,34;1,37;-1,46;-0,19
199007;-1,9;-3,2;-0,11;0,68;-3,15;-3,83;5,94;-0,26;3,1;-3,26;-1,81;-0,57
199008;-10,15;-3,57;1,63;0,66;-11,53;-12,19;1,76;-0,43;2,99;-3,85;1,56;-3,45
199009;-6,12;-3,68;0,71;0,6;-8,2;-8,8;5,56;-0,15;3,71;-3,78;0,68;-6,05
199010;-1,92;-5,55;0,19;0,68;-6,17;-6,85;6,73;2,83;-0,49;-5,1;-3,56;-2,63
199011;6,35;0,36;-3,21;0,57;3,85;3,28;-5,62;0,83;-4,75;-0,04;-0,65;5,9
199012;2,46;0,75;-1,72;0,6;-0,25;-0,85;0,02;2,84;-2;0,59;-2,32;-2,98
199101;4,69;3,76;-1,74;0,52;9,05;8,53;-6,55;1,56;-4,08;3,86;6,16;-1,71
199102;7,19;3,96;-0,55;0,48;13,88;13,4;-4,75;-0,25;-0,16;3,97;1,1;2,01
199103;2,65;3,92;-1,32;0,44;8,25;7,81;2,76;-0,37;-0,99;3,85;-0,21;0,49
199104;-0,28;0,49;1,48;0,53;3,23;2,7;-2,4;0,52;0,71;0,32;-1,18;1,58
199105;3,65;-0,35;-0,57;0,47;3,04;2,57;-0,09;2,1;-2,45;0,16;1,34;0,34
199106;-4,94;0,08;1,23;0,42;-3,53;-3,95;0,46;1,75;0,63;0,18;-1,69;2,1
199107;4,24;-0,93;-1,25;0,49;3,6;3,11;4,34;1,6;-1,41;-0,96;0,8;2,06
199108;2,32;1,59;-0,83;0,46;3,18;2,72;1,63;0,87;-0,55;1,44;-0,41;-2,93
199109;-1,59;1,64;-0,98;0,46;0,85;0,39;1,73;-1,81;0,16;1,56;-0,79;-0,85
199110;1,29;0,88;-0,47;0,42;2,59;2,17;3,22;-1,73;-0,29;0,94;2,28;-1,26
199111;-4,19;-0,48;-1,85;0,39;-2,44;-2,83;1,26;1,06;0,12;-0,87;-2,68;-0,4
199112;10,84;-2,26;-4,11;0,38;3,86;3,48;8,3;3,57;-3,12;-2,42;-0,93;1,01
199201;-0,59;8,49;4,61;0,34;16,31;15,97;-2,51;-1,33;3,15;9,26;9,46;5,31
199202;1,09;0,87;6,37;0,28;5,77;5,49;-0,58;0,11;2,04;1,35;5,43;-2,69
199203;-2,66;-1,04;3,61;0,34;-1,08;-1,42;-0,36;-0,1;1,93;-0,9;1,37;-1,09
199204;1,07;-6,12;4,27;0,32;-3,38;-3,7;-2,54;1,69;2,22;-5,73;0,76;-3,36
199205;0,3;0,4;1,25;0,28;0,5;0,22;0,13;-0,98;0,43;0,22;-0,47;-0,18
199206;-2,34;-3,1;3,36;0,32;-4,04;-4,36;-0,61;-0,05;1,07;-2,71;1,29;0,88
199207;3,77;-0,42;-0,37;0,31;2,73;2,42;1,44;1,4;-0,72;-0,61;-1,3;2,05
199208;-2,38;-0,13;-1,06;0,26;-2,72;-2,98;-0,51;3,73;-1,62;-0,43;-4,09;-1,57
199209;1,19;0,58;-0,28;0,26;1,34;1,08;1,43;1,63;-0,5;0,5;0,08;-1,15
199210;1,02;2,03;-2,01;0,23;2,2;1,97;2,71;1,3;-0,8;2,03;-1,1;-0,16
199211;4,13;3,69;-1,4;0,23;7,51;7,28;-0,34;-0,77;-1,91;3,93;0,32;-1,05
199212;1,53;1,63;2,63;0,28;3,82;3,54;4,44;-0,41;0,75;1,64;0,77;1,21
199301;0,93;1,98;5,92;0,23;7,01;6,78;4,83;-1,73;2,78;2,07;5,53;-0,51
199302;0,12;-3,47;6,41;0,22;-1,36;-1,58;3,1;-0,59;4,05;-3,47;4,28;-1,42
199303;2,3;0,23;1,31;0,25;2,89;2,64;3,74;-0,14;0,92;0,06;1,75;-0,94
199304;-3,05;-0,66;2,52;0,24;-1,77;-2,01;0,33;-3,58;1,52;-0,86;2,42;-1,71
199305;2,89;1,98;-3,45;0,22;4,07;3,85;0,3;0;-1,18;1,9;1,22;1,45
199306;0,31;-0,32;2,72;0,25;1,37;1,12;4,57;-0,97;1,09;0,11;1,69;2,24
199307;-0,34;0,89;2,82;0,24;1,28;1,04;3,25;-1,84;2,03;0,89;0,98;-2,67
199308;3,71;0,15;0,13;0,25;4,02;3,77;2,58;-1,59;-0,04;0,13;1,14;1,23
199309;-0,12;3,02;-0,25;0,26;2,87;2,61;3,41;0,26;-0,08;2,98;0,42;0,66
199310;1,41;2,04;-2,72;0,22;4,1;3,88;-2,67;0,55;0,59;1,9;1,62;1,93
199311;-1,89;-1,22;-0,77;0,25;-2,49;-2,74;-4,71;2,25;-0,96;-1,26;1,5;-1,37
199312;1,65;1,22;0,36;0,23;1,09;0,86;2,28;1,13;-0,32;1,39;0,45;1,13
199401;2,87;0,4;1,13;0,25;4,93;4,68;0,02;-1,59;1,45;-0,01;3,73;1,73
199402;-2,55;2,8;-1,59;0,21;-0,71;-0,92;-0,29;2,2;-1,03;2,66;-0,18;0,42
199403;-4,78;-1,14;1,63;0,27;-4,28;-4,55;-1,33;0,55;1,27;-1,11;0,56;0,1
199404;0,68;-0,98;1,66;0,27;-1,32;-1,59;0,41;1,11;1,12;-1,06;0,11;-0,35
199405;0,58;-2,13;0,66;0,31;-0,19;-0,5;-2,15;0,66;0,7;-2,52;1,66;0,07
199406;-3,03;-0,42;1,72;0,31;-2,77;-3,08;-0,82;1,15;1,53;-0,52;0,45;0,17
199407;2,82;-1,8;0,56;0,28;1,4;1,12;0,19;-0,63;0,11;-1,84;0,46;1,41
199408;4,01;1,42;-2,47;0,37;3,94;3,57;1,56;0,9;-1,45;1,34;2,35;1,45
199409;-2,31;3,12;-1,87;0,37;0,76;0,39;1,33;0,51;0,93;2,78;1,67;-0,73
199410;1,34;-2,23;-1,66;0,38;0,06;-0,32;1,43;0,22;-0,62;-2,3;0,59;-0,25
199411;-4,04;0,26;-0,69;0,37;-4,37;-4,74;-0,2;0,45;-0,44;0,09;-1,64;-2,09
199412;0,86;0,3;-0,2;0,44;-1,25;-1,69;3,5;0,5;0,31;0,07;0,13;0,83
199501;1,8;-3,53;2,54;0,42;3,26;2,84;-1,82;0,09;-0,83;-3,11;-0,57;4,06
199502;3,63;-0,64;1,12;0,4;3,15;2,75;-0,36;0,61;-0,33;-0,52;-1,01;2,41
199503;2,19;-0,17;-2,15;0,46;1,85;1,39;0,38;-0,09;0,16;-0,51;1,12;-0,12
199504;2,11;-0,53;1,71;0,44;2,35;1,91;1,8;0,24;1;-0,29;0,43;-0,55
199505;2,9;-2,55;2,23;0,54;1,91;1,37;-0,44;0,37;0,09;-2,2;-1,11;-0,42
199506;2,72;3,14;-2,5;0,47;5,49;5,02;2,9;-0,33;-2,44;3,03;-1,82;1,24
199507;3,72;2,08;-1,63;0,45;6,09;5,64;2,53;0,28;-1,71;2,07;-0,95;-2,23
199508;0,55;1,36;2,84;0,47;3,63;3,16;0,09;-1,17;1,64;1,78;-1,07;1,31
199509;3,35;-2,29;0,02;0,43;2,8;2,37;2,71;1,06;0,36;-1,97;-0,95;-0,84
199510;-1,52;-3,82;-0,46;0,47;-4,48;-4,95;4,11;1,84;-0,03;-4,09;0,47;-1,06
199511;3,96;-1,2;0,61;0,42;1,57;1,15;-0,65;-0,54;1,19;-1,14;0,69;0,57
199512;1,03;0,64;0,33;0,49;0,76;0,27;2,54;-1,35;2,99;0,69;3,93;-0,97
199601;2,26;-2,63;0,22;0,43;2,87;2,44;0,57;0,13;2,27;-2,49;1,32;1,07
199602;1,33;1,81;-1,16;0,39;3,73;3,34;0,57;0,24;-1,8;1,76;-1,32;2,15
199603;0,73;1,52;0,31;0,39;2,86;2,47;-1,88;1,46;-0,97;1,63;-0,22;-0,06
199604;2,06;5,24;-4,08;0,46;6,11;5,65;-0,91;-0,14;-2,2;4,7;-0,76;0,72
199605;2,36;3,08;-0,8;0,42;6,96;6,54;1,55;0,15;-0,22;3,13;1,25;-1,05
199606;-1,14;-3,91;2,26;0,4;-3,21;-3,61;1,01;3,34;1,09;-3,57;-0,13;-0,23
199607;-5,97;-4,31;5,16;0,45;-8,83;-9,28;-0,11;2,95;2,59;-3,82;0,02;-2,5
199608;2,77;2,44;-0,78;0,41;4,52;4,11;-0,05;-0,41;-2,42;2,58;-1,54;2,65
199609;5,01;-0,95;-2,76;0,44;3,03;2,59;2,7;1,24;-2,18;-1,37;-2,13;0,55
199610;0,86;-4,45;4,92;0,42;-2,47;-2,89;3,91;1,52;2,97;-3,84;0,07;-1,13
199611;6,25;-4,07;1,46;0,41;2,42;2,01;-2,23;2,05;-0,73;-3,82;-2,43;0,16
199612;-1,7;3,08;1,33;0,46;-0,64;-1,1;0,61;0,41;1,52;3,16;-0,57;0,56
199701;4,98;-1,93;-1,43;0,45;6,6;6,15;1,95;1,23;-0,28;-1,85;-1,59;2,68
199702;-0,49;-3,29;5,7;0,39;-1,46;-1,85;-2,05;0,67;3,41;-2,66;0,85;1,26
199703;-5,02;-0,44;3,43;0,43;-5,16;-5,59;0,96;0,46;1,66;-0,5;2,07;0,91
199704;4,04;-5,74;0,09;0,43;-2,25;-2,68;4,92;3,36;-0,9;-5,72;-4,05;2,38
199705;6,74;5,16;-4,08;0,49;9,01;8,52;-5,16;-1,03;-2,91;4,74;-2,2;2,87
199706;4,1;1,19;1,62;0,37;4,26;3,89;2,62;0,61;0,55;1,17;0,17;0,8
199707;7,33;-2,7;0,2;0,43;5,13;4,7;3,81;0,09;-2,56;-2,76;-1,17;3,82
199708;-4,15;7,33;1,12;0,41;3,41;3;-2,55;-1,01;-0,02;7,65;3,16;-0,07
199709;5,35;2,56;0,29;0,44;8,69;8,25;1,45;-1,59;-0,93;2,5;-0,37;1,67
199710;-3,8;-0,8;2,33;0,42;-2,08;-2,5;-0,38;1,07;1,87;-0,54;0,39;-0,96
199711;2,98;-5,11;1,24;0,39;-2,1;-2,49;0,29;2,83;1,66;-5,09;1,01;-2,03
199712;1,32;-2,66;4,03;0,48;-3,03;-3,51;3,95;0,76;1,92;-2,14;0,09;-3,05
199801;0,15;-1,02;-1,65;0,43;1,39;0,96;0,11;0,87;-0,85;-1,3;-1,01;5
199802;7,04;0,26;-0,78;0,39;6,29;5,9;-1,15;-0,31;-2,41;0,14;-1,19;1,87
199803;4,76;-1,21;1,54;0,39;4,89;4,5;2,15;-0,3;-0,47;-0,67;2,29;1,83
199804;0,73;0,03;0,89;0,43;2,72;2,29;0,78;-1,63;-0,23;-0,05;-0,93;1,72
199805;-3,07;-3,4;3,43;0,4;-4,53;-4,93;1,88;1,05;2,54;-2,95;1,51;0,71
199806;3,18;-3,32;-1,8;0,41;-2,79;-3,2;7,26;-0,29;-2,93;-3,72;-0,71;-1,48
199807;-2,46;-4,94;-1,71;0,4;-5,7;-6,1;3,68;1,83;0,45;-5,25;0,41;-1,84
199808;-16,08;-5,68;3,56;0,43;-20,32;-20,75;1,88;3,45;5,84;-5,17;4,5;-2,66
199809;6,15;0,06;-3,42;0,46;3,84;3,38;-0,71;-1,69;-2,91;-0,8;0,2;2,79
199810;7,13;-3,11;-2,21;0,32;3,68;3,36;-5,36;0,77;0,29;-3,43;-4,19;9,86
199811;6,1;1,21;-3,16;0,31;8,18;7,87;1,16;-1,08;-1,15;0,71;-0,35;1,21
199812;6,16;-0,54;-4,2;0,38;2,43;2,05;8,99;-0,66;-3,33;-1,57;-0,99;-1,67
199901;3,5;0,81;-4,66;0,35;7,12;6,77;3,04;-2,66;-6,86;-0,62;1,1;-2,3
199902;-4,08;-6,08;1,91;0,35;-4,87;-5,22;-0,16;-1,24;4,09;-5,22;0,32;2,34
199903;3,45;-3,76;-2,77;0,43;-1,24;-1,67;-1,29;-3,9;-1,4;-4,18;-0,84;0,24
199904;4,33;3,98;2,34;0,37;8,59;8,22;-9,06;-2,26;0,92;4,67;5,12;2,44
199905;-2,46;3,33;2,36;0,34;3,66;3,32;-5,28;0,76;3,36;3,64;3,43;1,11
199906;4,77;3,15;-3,4;0,4;3,81;3,41;4,88;1,11;-3,38;2,27;0,44;1,53
199907;-3,49;2,55;-0,48;0,38;0,84;0,46;1,51;0,45;3,11;2,49;1,87;1,39
199908;-1,38;-1;-1,72;0,39;-3,48;-3,87;2,92;-0,2;0,31;-1,83;-1,6;-3,23
199909;-2,79;3,36;-3,42;0,39;-1,78;-2,17;6,46;-0,77;-1,07;2,57;0,15;-0,84
199910;6,12;-6,75;-3,16;0,39;-0,18;-0,57;5,47;-1,88;-1,25;-7,05;-2,69;-1,02
199911;3,37;7,17;-6,07;0,36;9,41;9,05;5,62;-4,01;-1,58;5,81;5,21;0,17
199912;7,72;7,07;-8,4;0,44;8,42;7,98;13,19;-7,53;-5,29;5,42;5,55;-13,96
200001;-4,74;5,7;-1,75;0,41;5,53;5,12;1,86;-6,07;4,73;4,38;1,78;2,59
200002;2,45;21,19;-8,94;0,43;13,08;12,65;18,36;-18,48;-0,51;18,08;7,59;-13,38
200003;5,2;-16,82;7,66;0,47;0,85;0,38;-6,39;11,53;-1,05;-14,89;-5,21;9,88
200004;-6,4;-6,93;7,41;0,46;-8,35;-8,81;-8,57;7,66;5,27;-5,25;0,45;-1,97
200005;-4,42;-6,33;5,01;0,5;-5,62;-6,12;-9,08;4,36;0,74;-4,11;-1,75;-8,7
200006;4,64;12,8;-8,22;0,4;7,17;6,77;16,59;-8,05;-3,07;9,89;2,39;12,24
200007;-2,51;-3,16;8,4;0,48;-2,29;-2,77;-0,11;6,28;2,99;-1,03;-3,27;6,5
200008;7,03;-0,65;-1,47;0,5;6,35;5,85;5,7;-3,17;0,61;-0,94;0,99;0,47
200009;-5,45;-1,89;7,28;0,51;-4,38;-4,89;2,2;2,77;6,43;0,02;-2,58;2,5
200010;-2,76;-3,87;5,71;0,56;-6,78;-7,34;-4,63;9,44;4,67;-2,86;-1,04;-4,77
200011;-10,72;-3,5;12,53;0,51;-12,72;-13,23;-2,4;13,38;8,51;-0,69;0,31;-14,6
200012;1,19;0,73;7,67;0,5;-1,34;-1,84;6,7;2,35;5,68;3,16;2,82;-6,6
200101;3,13;6,76;-5,33;0,54;25,29;24,75;-25,05;-5,31;-6,55;5,78;-2,68;16,21
200102;-10,05;-0,82;12,58;0,38;-7,72;-8,1;12,51;9,09;9,56;2,63;11;12,21
200103;-7,26;0,17;6,52;0,42;-7,15;-7,57;8,35;3,27;3,94;2,27;3,81;-7,65
200104;7,94;0,61;-4,8;0,39;7,77;7,38;-7,97;-3,42;-3,95;-0,66;-3,85;9,87
200105;0,72;2,53;3,34;0,32;6,72;6,4;2,12;0,17;2,18;3,56;3,86;3,63
200106;-1,94;6,25;-1,16;0,28;1,49;1,21;0,34;1,32;-1,79;6,63;1,93;0,5
200107;-2,13;-4,23;5,35;0,3;-3,07;-3,37;5,47;7,42;3,01;-2,83;2,76;1,28
200108;-6,46;2,48;2,33;0,31;-3,96;-4,27;5,54;3,94;6,5;2,73;5,87;-3,92
200109;-9,25;-6,25;1,57;0,28;-13,31;-13,59;11,54;4,89;3,28;-5,74;-0,12;-4,92
200110;2,46;7,57;-7,66;0,22;8,24;8,02;-8,41;-2,98;-4,64;5,37;-1,56;14,79
200111;7,54;-0,48;2,16;0,17;8,3;8,13;-8,58;-3,88;-1,66;-0,35;0,29;-3,14
200112;1,61;4,79;0,9;0,15;6,44;6,29;-0,02;0,24;-0,29;5,21;1,18;1,72
200201;-1,44;1,18;3,38;0,14;1,89;1,75;3,68;4,66;2,84;1,23;3,55;1,55
200202;-2,29;-1,07;2,21;0,13;-4;-4,13;6,77;8,04;5,12;-0,38;4,07;-0,08
200203;4,24;4,14;1,08;0,13;8,22;8,09;-1,67;-1,75;0,61;4,2;2,09;2,83
200204;-5,2;5,84;3,96;0,15;-0,21;-0,36;7,95;4,46;5,41;6,65;6,14;2,06
200205;-1,38;-3,26;1,57;0,14;-2,49;-2,63;2,97;2,16;2,42;-3,08;2,32;-2,68
200206;-7,21;4,2;0,04;0,13;-7,15;-7,28;6,15;3,79;2,51;3,8;2,22;-3,36
200207;-8,18;-5,22;-3,71;0,15;-12,09;-12,24;3,34;3,72;-0,72;-6,26;-3,06;1,5
200208;0,5;-2,94;3,23;0,14;0,29;0,15;1,76;1,25;-1,62;-1,42;-0,63;1,37
200209;-10,35;2,39;1,49;0,14;-8,87;-9,01;9,09;3,19;-2,28;3,03;-0,56;-1,85
200210;7,84;-3,44;-4,07;0,14;4,75;4,61;-5,31;-3,35;0,91;-4,32;-0,36;7,52
200211;5,96;3,23;-1,51;0,12;12,97;12,85;-16,19;-8,93;5,1;3,02;4,08;0,22
200212;-5,76;-0,01;2,28;0,11;-5,16;-5,27;9,64;6,18;-1,6;0,51;2,21;10,59
200301;-2,57;1,28;-0,86;0,1;0,23;0,13;1,6;-0,94;0,79;0,72;0,41;0,22
200302;-1,88;-0,46;-1,33;0,09;-2,68;-2,77;1,25;0,87;-0,55;-0,95;-1,87;-0,78
200303;1,09;0,93;-2,15;0,1;1,24;1,14;1,6;1,89;-0,71;0,59;-2,61;-0,21
200304;8,22;0,64;0,89;0,1;10,17;10,07;-9,49;-4,59;1,11;1,05;-0,95;3,11
200305;6,05;4,49;0,11;0,09;14,33;14,24;-10,85;-7,07;3,14;4,67;3,54;-1,38
200306;1,42;1,75;0,39;0,1;5,17;5,07;-1,09;0,48;-0,36;1,68;1,45;-0,03
200307;2,35;5,23;-1,08;0,07;7,27;7,2;-0,31;-4,22;1,87;4,71;0,33;2,48
200308;2,34;2,7;1,61;0,07;5,15;5,08;-0,55;-2,29;2,2;2,58;-0,31;-1,46
200309;-1,24;0,71;0,05;0,08;2,3;2,22;-0,19;1,07;0,31;0,46;1,16;4,51
200310;6,08;2,64;1,92;0,07;8,52;8,45;3,73;-1,37;1,55;2,66;1,99;2,11
200311;1,35;1,99;1,8;0,07;3,86;3,79;1,63;0,14;1,67;2,22;1,89;-1,49
200312;4,29;-2,76;1,58;0,08;3,51;3,43;-5,69;0,49;0,97;-2,58;2,12;1,71
200401;2,15;2,53;2,45;0,07;7,15;7,08;2,59;-3,67;3,4;2,44;1,93;2,29
200402;1,4;-1,56;0,86;0,06;1,08;1,02;-1,07;2,16;-1,34;-0,96;-2,95;1,43
200403;-1,32;1,75;0,24;0,09;0,26;0,17;0,22;1,7;-1,04;2,13;-1,69;-2,13
200404;-1,83;-1,73;-3,07;0,08;-3,14;-3,22;-5,37;3,48;-2,8;-2,05;-2,29;-0,2
200405;1,17;-0,24;-0,29;0,06;0,05;-0,01;1,59;-1,19;-0,08;-0,43;0,97;2,26
200406;1,86;2,28;1,23;0,08;2,66;2,58;2,09;1,18;-0,41;2,57;1,73;0,28
200407;-4,06;-3,85;3,28;0,1;-6,61;-6,71;-2,28;5,07;-1,62;-3,05;-2,45;-1,37
200408;0,08;-1,56;0,96;0,11;-1,37;-1,48;-1,58;1,14;-1,45;-1,26;-2,85;-2,4
200409;1,6;3,01;-0,07;0,11;4,08;3,97;5,25;-1,32;-1,89;3,28;-1,28;3,04
200410;1,43;0,13;-0,29;0,11;1,88;1,77;-1,52;-0,3;0,4;0,2;0,97;0,16
200411;4,54;3,72;1,43;0,15;8,74;8,59;3,23;-0,66;-0,23;4,08;-1,15;1,48
200412;3,43;-0,07;-0,18;0,16;6,02;5,86;-2,83;-1,17;0,51;-0,06;0,86;0,91
200501;-2,76;-1,72;2,01;0,16;-3,51;-3,67;3,19;2,73;-1,38;-1,21;-2,9;1,5
200502;1,89;-0,55;1,63;0,16;1,08;0,92;3,18;1,47;-0,04;-0,3;-1,48;-2,34
200503;-1,97;-1,35;2,14;0,21;-2,95;-3,16;0,55;0,56;1,12;-1,35;-0,72;0,12
200504;-2,61;-3,97;0,05;0,21;-5,74;-5,95;-0,85;0,82;-0,9;-4,02;-1,5;-1,86
200505;3,65;2,8;-0,66;0,24;4,99;4,75;0,43;-1,09;0,28;2,72;0,46;3,17
200506;0,57;2,55;2,82;0,23;3,34;3,11;2,06;1,1;-0,52;3,26;-1,52;0,03
200507;3,92;2,87;-0,83;0,24;6,56;6,32;-0,03;-1,21;-0,98;2,79;0,93;-0,13
200508;-1,22;-0,98;1,38;0,3;-1,11;-1,41;2,27;-2,1;0,44;-0,88;0,33;-1,44
200509;0,49;-0,66;0,74;0,29;0,61;0,32;3,45;0,34;-0,57;-0,34;-0,07;-3,74
200510;-2,02;-1,19;0,45;0,27;-3,2;-3,47;-1,3;-0,86;-1,25;-1,41;-1;1,56
200511;3,61;0,97;-1,16;0,31;3,65;3,34;0,27;-0,77;-1,18;0,81;0,25;0,08
200512;-0,25;-0,46;0,24;0,32;0,85;0,53;0,76;0,17;0,22;-0,25;-0,85;1,95
200601;3,04;5,4;0,99;0,35;7,95;7,6;2,68;-0,6;-0,54;5,8;1,15;-1,1
200602;-0,3;-0,37;-0,26;0,34;0,52;0,18;-1,84;-0,58;2,03;-0,44;1,25;3,35
200603;1,46;3,49;0,68;0,37;4,18;3,81;1,26;-0,03;-0,52;3,42;0,49;0,03
200604;0,73;-1,41;2,37;0,36;0,67;0,31;0,61;1,8;-0,2;-0,8;-0,46;-0,35
200605;-3,57;-3,09;2,45;0,43;-4,83;-5,26;-3,65;1,07;1,31;-3;-0,17;-0,03
200606;-0,35;-0,36;0,92;0,4;-0,85;-1,25;1,47;1,36;-0,11;-0,23;-1,09;-0,62
200607;-0,78;-3,99;2,67;0,4;-3,47;-3,87;-2,22;1,67;0,93;-3,63;1,37;0,23
200608;2,03;1,02;-1,98;0,42;2,1;1,68;-3,46;-1,79;2,15;0,47;2,92;1,75
200609;1,84;-1,29;-0,04;0,41;0,97;0,56;-0,95;0,91;0,53;-1,4;1,74;0,73
200610;3,23;1,72;-0,3;0,41;4,96;4,55;-0,24;-0,09;0,26;1,94;-0,47;-0,23
200611;1,71;0,78;0,07;0,42;2,68;2,26;-1,01;0,19;-0,88;0,8;-1,93;-0,94
200612;0,87;-1,14;2,72;0,4;1,33;0,93;0,84;-0,61;2,05;-0,8;1,92;2,4
200701;1,4;0,16;-0,69;0,44;2,38;1,94;0,18;0,54;0,24;0,12;-0,63;1,04
200702;-1,96;1,29;-0,17;0,38;0,19;-0,19;-1,36;-0,45;-0,74;1,39;-0,66;0,23
200703;0,68;0,08;-0,83;0,43;0,38;-0,05;2,5;0,55;-0,59;0,15;-1,23;-2,03
200704;3,49;-2,18;-1,38;0,44;2,42;1,98;-0,15;1,05;1,01;-2,06;0,31;-0,31
200705;3,24;0,27;-0,63;0,41;2,42;2,01;-0,27;1,57;-1,29;0,41;-2,47;-1,15
200706;-1,96;0,78;-1,1;0,4;-0,7;-1,1;0,39;0,57;0,07;0,75;-0,27;-0,84
200707;-3,73;-2,45;-3,55;0,4;-5,09;-5,49;2,81;0,19;-1,04;-2,9;-2,03;-3,37
200708;0,92;-0,17;-1,91;0,42;-1,11;-1,53;0,1;-1,33;-0,56;-0,4;-0,25;-2,61
200709;3,22;-2,22;-2,21;0,32;1,6;1,28;4,57;-0,54;-3,17;-2,39;-2,76;0,31
200710;1,8;0,25;-2,91;0,32;1,01;0,69;4,88;-0,25;-0,1;-0,01;-1,48;-3,83
200711;-4,83;-2,8;-1;0,34;-8,34;-8,68;0,9;1,72;-0,34;-2,93;0,46;-1,73
200712;-0,87;0,14;-0,59;0,27;-1,47;-1,74;6,54;0,83;-1,09;0,15;-2,22;-2,05
200801;-6,36;-0,89;3,67;0,21;-5,13;-5,34;-7,88;2,28;2,2;-0,48;1,73;6,96
200802;-3,09;-0,27;-0,88;0,13;-2,81;-2,94;6,11;1,06;-1,06;-0,51;-2,1;5,04
200803;-0,93;0,79;0,14;0,17;-2,6;-2,77;4,1;0,95;0,47;0,66;2,94;-0,23
200804;4,6;-1,59;-0,96;0,18;2,34;2,16;-0,33;1,99;-2,54;-1,07;-4,54;3,12
200805;1,86;3,05;-1,45;0,18;3,41;3,23;3,21;1,04;0,04;3,14;-4,44;-2,29
200806;-8,44;1,22;-2,77;0,17;-9,45;-9,62;12,54;4,94;-0,42;1,19;-3,12;-7,17
200807;-0,77;2,47;5,27;0,15;0,8;0,65;-5,13;-1,2;1,06;3,63;7,5;8,17
200808;1,53;3,54;1,45;0,13;2,3;2,17;-4,03;1,88;0,81;3,4;1,1;-0,73
200809;-9,24;-1,18;6,07;0,15;-11,11;-11,26;0,36;2,31;1,78;0,28;5,85;-3,69
200810;-17,23;-2,52;-2,37;0,08;-21,33;-21,41;7,79;2,94;1,92;-3,31;2,66;-9,63
200811;-7,86;-2,82;-6,31;0,03;-14,05;-14,08;7,17;4,5;2,72;-3,88;-2,57;-10,25
200812;1,74;3,51;0,14;0;2,96;2,96;-5,07;0,06;-1,41;3,36;0,27;5,2
200901;-8,12;0,33;-11,12;0;-4,06;-4,06;-1,82;0,44;-1,16;-1,9;-7,15;0,54
200902;-10,1;0,23;-7,03;0,01;-11,62;-11,63;4,03;1,32;-1,11;-1,2;1,06;-6,8
200903;8,95;0;3,4;0,02;12,44;12,42;-11,61;-2,45;-2,22;0,68;4,01;3,28
200904;10,18;5,14;5,21;0,01;21,53;21,52;-34,39;1,38;0,14;6,94;-0,38;-6,85
200905;5,21;-2,63;0,49;0;9,69;9,69;-12,47;-1,2;-2,16;-2,46;-1,7;-2,86
200906;0,43;2,63;-2,62;0,01;3,49;3,48;5,3;-1,38;-0,18;2,28;1,34;5,01
200907;7,72;1,9;4,87;0,01;8,75;8,74;-5,37;-0,41;3,21;2,4;4,92;4,39
200908;3,33;-1,1;7,5;0,01;6,56;6,55;-8,82;-2,81;3,23;-0,1;5,45;-2,11
200909;4,08;2,41;0,89;0,01;7,1;7,09;-4,95;1,57;0,38;2,72;-1,71;1,24
200910;-2,59;-4,18;-4,03;0;-6,42;-6,42;2,66;3,98;-1,68;-4,79;-4,71;2,19
200911;5,56;-2,48;-0,25;0;1,88;1,88;0,33;0,99;0,16;-2,76;1,46;0,28
200912;2,75;6,13;-0,11;0,01;6,57;6,56;2,91;0,82;-0,08;6,27;0,71;1,62
201001;-3,36;0,37;0,33;0;-0,62;-0,62;-5,36;-1,18;0,43;0,34;1,63;3,63
201002;3,4;1,19;3,19;0;3,84;3,84;3,63;-0,4;1,43;1,48;2,62;1,81
201003;6,31;1,44;2,11;0,01;7,97;7,96;3,71;-0,67;1,69;1,8;4,28;0,8
201004;2;4,86;2,91;0,01;7,73;7,72;3,21;0,88;1,69;4,99;4,78;-1,77
201005;-7,89;0,14;-2,39;0,01;-8,15;-8,16;-0,17;1,24;-0,19;0,09;-2,93;0,59
201006;-5,57;-1,84;-4,52;0,01;-7,77;-7,78;-2,99;-0,31;-1,5;-2,46;-5,29;-4,85
201007;6,93;0,18;-0,36;0,01;5,68;5,67;1,9;0,29;2,03;0,09;0,63;4,03
201008;-4,77;-3,02;-1,9;0,01;-6,83;-6,84;-0,18;0,49;-1,67;-3,15;-3,83;1,02
201009;9,54;3,93;-3,23;0,01;10,9;10,89;1,35;-0,32;0,49;3,72;1,9;3,2
201010;3,88;1,07;-2,46;0,01;4,23;4,22;1,66;1,16;-0,16;0,71;-2,26;-1,31
201011;0,6;3,78;-0,95;0,01;2,26;2,25;2,54;0,34;1,6;3,67;-0,83;-0,95
201012;6,82;0,68;3,64;0,01;8,51;8,5;-3,18;-3,42;3,18;0,99;4,82;2,37
201101;1,99;-2,52;0,82;0,01;1,91;1,9;-0,29;-0,64;0,75;-2,43;1,01;-0,02
201102;3,49;1,53;1,29;0,01;4,19;4,18;2,08;-1,96;0,95;1,63;1,36;-1,18
201103;0,46;2,58;-1,76;0,01;1,15;1,14;3,52;1,58;-0,01;2,66;-1,84;-0,77
201104;2,9;-0,37;-2,43;0;1,48;1,48;0,06;0,88;-0,79;-0,56;-2,15;-1,02
201105;-1,27;-0,58;-2,05;0;-2,08;-2,08;-0,57;2,08;-1,59;-0,6;-2,57;-1,24
201106;-1,75;-0,11;-0,42;0;-2,54;-2,54;1,77;2,38;-1,48;0,15;-1,92;-1,02
201107;-2,35;-1,37;-0,88;0;-2,5;-2,5;-0,01;2,64;-1,68;-1,31;-2,39;-1,1
201108;-5,99;-3,03;-2,56;0,01;-9,43;-9,44;-0,34;3,41;-0,2;-3,16;-6,37;-1,32
201109;-7,59;-3,35;-1,71;0;-10,85;-10,85;-2,52;2,12;0,27;-3,68;-5,05;-9,66
201110;11,35;3,32;0,13;0;12,19;12,19;-1,44;-2,41;-0,85;3,47;3,31;12,31
201111;-0,28;-0,14;-0,48;0;-1,8;-1,8;4,01;1,83;1,49;-0,25;-3,48;1,21
201112;0,74;-0,66;1,68;0;-0,05;-0,05;1,98;1,01;2,36;-0,39;1,86;-1,4
201201;5,05;2,1;-0,9;0;9,12;9,12;-7,94;-2,05;-1,41;2,11;1,49;6,62
201202;4,42;-1,84;0,46;0;4,02;4,02;-0,28;-0,38;-0,06;-1,69;1,65;-0,37
201203;3,11;-0,68;1,21;0;3,17;3,17;1,51;-0,57;0,81;-0,5;2,64;-0,73
201204;-0,85;-0,39;-0,77;0;-1,37;-1,37;3,83;1,26;0,67;-0,52;-1,79;-0,58
201205;-6,19;0,16;-1,04;0,01;-7,05;-7,06;6,63;2,5;2,41;0;-1,81;-3,52
201206;3,89;0,78;0,58;0;3,76;3,76;-0,76;-1,26;0,32;0,94;1,64;-0,67
201207;0,79;-2,62;-0,05;0;-1,06;-1,06;3,1;0,93;0,1;-2,69;-2;1,39
201208;2,55;0,47;1,12;0,01;2,67;2,66;-2,47;-1,42;-0,72;0,44;1,91;3,06
201209;2,73;0,49;1,56;0,01;3,82;3,81;-1,06;-1,32;1,6;0,65;1,81;-0,19
201210;-1,76;-1,09;3,61;0,01;-1,98;-1,99;0,08;-1,5;2,27;-0,8;0,95;0,35
201211;0,78;0,53;-0,83;0,01;0,32;0,31;0,4;0,39;0,92;0,31;-0,74;0,86
201212;1,18;1,45;3,53;0,01;2,48;2,47;-2,95;-1,79;0,89;1,88;3,62;0,13
201301;5,57;0,36;0,98;0;7,34;7,34;-1,9;-1,72;1,46;0,55;3,42;-1,4
201302;1,29;-0,42;0,13;0;1,07;1,07;1,31;-0,65;0,47;-0,36;-0,15;-1,1
201303;4,03;0,75;-0,23;0;4,38;4,38;1,96;0,55;1,32;0,85;1,43;-1,94
201304;1,55;-2,4;0,53;0;-0,07;-0,07;0,27;0,13;0,48;-2,28;-0,21;-1,2
201305;2,8;1,66;2,61;0;4,8;4,8;-1,74;-2,01;-0,74;2;2,99;1,73
201306;-1,2;1,16;-0,09;0;-0,13;-0,13;0,58;-0,35;-0,02;1,35;-0,81;0,51
201307;5,65;1,86;0,56;0;7,48;7,48;1,78;-1,33;0,55;1,81;1,54;1,97
201308;-2,71;0,29;-2,66;0;-2,06;-2,06;0,02;0,59;-2,18;-0,03;-1,29;-0,64
201309;3,77;2,89;-1,15;0;5,81;5,81;2,96;-0,6;-1,26;2,65;-0,06;-0,47
201310;4,18;-1,53;1,21;0;2,53;2,53;0,17;2,78;0,84;-1,49;0,22;-0,15
201311;3,13;1,19;0,29;0;4,24;4,24;0,44;0,13;0,07;1,33;0,34;0,71
201312;2,81;-0,59;-0,05;0;2,86;2,86;0,07;-0,47;0,09;-0,58;-1,02;1,25
201401;-3,32;0,87;-2,02;0;0;0;1,74;-3,93;-1,36;0,58;1,03;0,25
201402;4,65;0,31;-0,36;0;4,61;4,61;2,05;-0,24;-0,41;0,11;-1,47;-0,3
201403;0,43;-1,85;4,9;0;0,03;0,03;-3,38;2,17;1,83;-1,12;2,89;2,64
201404;-0,19;-4,21;1,12;0;-3,76;-3,76;-3,77;3,53;1,02;-4,13;0,2;-1,94
201405;2,06;-1,9;-0,12;0;0,14;0,14;1,21;0,03;-1,05;-1,91;-0,62;0,51
201406;2,61;3,08;-0,67;0;4,49;4,49;0,74;-1,91;-1,95;3,09;0,42;-0,7
201407;-2,04;-4,27;0,02;0;-4,87;-4,87;-0,24;0,92;0,47;-4,27;0,34;2,77
201408;4,24;0,36;-0,42;0;4,08;4,08;0,79;-0,61;-0,7;0,29;-1,35;1,52
201409;-1,97;-3,73;-1,38;0;-4,82;-4,82;0,44;1,24;-0,53;-3,74;-1,16;-0,18
201410;2,52;4,28;-1,8;0;2,78;2,78;-0,04;-0,48;-0,19;3,8;-3,42;-2,74
201411;2,55;-2,04;-3,07;0;-0,17;-0,17;1,06;1,49;0,2;-2,27;-1,68;-3,47
201412;-0,06;2,48;2,23;0;1,9;1,9;1,09;-1,16;0,88;2,85;0,42;-1,06
201501;-3,11;-0,51;-3,56;0;-3,25;-3,25;3,81;1,68;-1,65;-0,86;-3,46;-0,42
201502;6,14;0,52;-1,81;0;6,56;6,56;-2,83;-1,16;-1,78;0,23;-1,92;3,5
201503;-1,12;3,02;-0,41;0;0,02;0,02;3;0,1;-0,51;3,04;-2,49;-0,04
201504;0,59;-3,04;1,88;0;0,2;0,2;-7,32;-0,04;-0,45;-3,06;1,37;4,07
201505;1,36;0,89;-1,1;0;0,89;0,89;6,03;-1,82;-0,74;0,8;-0,9;2,64
201506;-1,53;2,85;-0,74;0;-0,24;-0,24;3,07;0,42;-1,5;2,86;-0,92;-3,5
201507;1,54;-4,09;-4,21;0;-3,03;-3,03;10,29;0,1;-2,5;-4,51;-1,53;-5,12
201508;-6,04;0,44;2,73;0;-4,65;-4,65;-2,09;0,69;1,24;0,38;1,26;1,63
201509;-3,07;-2,61;0,39;0;-5,82;-5,82;5,35;1,86;-0,45;-2,77;-0,01;-3,32
201510;7,75;-1,98;-0,25;0;5,16;5,16;-4,03;0,87;0,41;-2,18;-0,95;0,89
201511;0,56;3,68;-0,49;0;2,52;2,52;2,21;-2,64;-1,08;3,37;-0,19;0
201512;-2,17;-2,86;-2,45;0,01;-4,76;-4,77;3,41;0,45;0,04;-3,01;-2,74;1,04
201601;-5,77;-3,36;2,01;0,01;-9,49;-9,5;1,34;2,81;3,05;-3,41;-1,1;-2,82
201602;-0,08;0,83;-0,6;0,02;0,27;0,25;-4,06;3,33;2,12;0,98;0,22;-0,74
201603;6,96;0,82;1,11;0,02;8,23;8,21;-5,13;0,77;-0,08;1,07;4,34;1,47
201604;0,92;0,69;3,28;0,01;3,76;3,75;-6,26;-2,89;2,01;1,18;5,16;0,06
201605;1,78;-0,27;-1,6;0,01;0,52;0,51;2,14;-1,19;-2,52;-0,72;-2,23;0,15
201606;-0,05;0,64;-1,4;0,02;-0,35;-0,37;4,11;1,41;1,98;0,5;1,47;1,48
201607;3,95;2,6;-1,23;0,02;5,7;5,68;-3,08;1,14;-1,24;2,6;-0,38;4,47
201608;0,5;1,13;3,31;0,02;2,24;2,22;-3,17;-1,81;-0,35;1,66;0,57;-0,34
201609;0,25;2,04;-1,21;0,02;2,2;2,18;-0,53;-2,13;-0,06;1,79;1,78;0,07
201610;-2,02;-4,43;4,07;0,02;-5,44;-5,46;0,69;0,91;0,21;-4,08;-1,07;2,71
201611;4,86;5,47;8,22;0,01;9,15;9,14;-4,07;-0,07;3,78;6,8;2,39;0,06
201612;1,81;0,11;3,51;0,03;1,93;1,9;-0,38;1,14;-0,29;0,41;-2,52;-0,98
201701;1,94;-1,06;-2,81;0,04;1,78;1,74;-0,98;-0,5;-0,94;-1,35;-1,5;3,38
201702;3,57;-2,01;-1,79;0,04;1,85;1,81;-1,63;0,27;-1,74;-2,18;-3,45;-1,15
201703;0,17;1,17;-3,33;0,03;0,54;0,51;-0,92;0,8;-1,04;0,8;-1,16;-0,96
201704;1,09;0,72;-2,11;0,05;0,17;0,12;0,44;1,96;-1,58;0,48;-3,76;-2,25
201705;1,06;-2,61;-3,67;0,06;-2,2;-2,26;1,46;1,02;-1,93;-3,11;-2,71;-3,58
201706;0,78;2,15;1,45;0,06;3,69;3,63;-0,32;-2,23;-0,05;2,46;-0,81;3,86
201707;1,87;-1,47;-0,36;0,07;-0,24;-0,31;1,66;-0,77;-0,21;-1,65;0,48;2,02
201708;0,16;-1,62;-2,19;0,09;-1,69;-1,78;3,55;0,14;-2,42;-1,81;-2,03;-0,45
201709;2,51;4,47;3,14;0,09;7,15;7,06;-1,18;-1,38;1,64;4,78;0,92;2,76
201710;2,25;-1,95;0,12;0,09;-0,02;-0,11;4,3;0,93;-3,35;-1,96;-2,02;-0,73
201711;3,12;-0,58;-0,09;0,08;3,37;3,29;-0,71;3,3;0,05;-0,33;0,82;0,34
201712;1,06;-1,29;0,17;0,09;1,19;1,1;-1,63;0,72;1,67;-1,02;2,19;-0,85
201801;5,58;-3,09;-1,32;0,11;3,1;2,99;3,94;-0,82;-0,86;-3,19;-1,79;0,55
201802;-3,65;0,3;-1,01;0,11;-4,03;-4,14;3,97;0,58;-2,23;0,37;-3,54;-0,99
201803;-2,35;4,05;-0,12;0,12;0,82;0,7;-1,28;-0,45;0;3,6;1,97;0,4
201804;0,29;1,13;0,5;0,14;0,8;0,66;0,27;-2,33;1,18;0,96;2,9;-0,49
201805;2,65;5,28;-3,15;0,14;4,91;4,77;3,8;-2,01;-1,44;4,74;-0,27;-0,31
201806;0,48;1,19;-2,31;0,14;0,88;0,74;-2,38;0,83;0,34;0,89;1,03;0,93
201807;3,19;-2,21;0,57;0,16;0,31;0,15;-1,67;1,53;0,4;-1,95;-1,78;1,58
201808;3,44;1,15;-3,92;0,16;3,49;3,33;5,22;-0,15;-2,47;0,64;-2,72;1,25
201809;0,06;-2,28;-1,63;0,15;-1,68;-1,83;-0,06;0,59;1,26;-2,49;1,88;0,23
201810;-7,68;-4,78;3,46;0,19;-10,28;-10,47;-1,84;0,91;3,45;-4,51;-1,92;1,46
201811;1,69;-0,71;0,34;0,18;-0,4;-0,58;-1,33;-0,63;0,33;-0,8;-4,2;1,08
201812;-9,55;-2,48;-1,89;0,19;-13,1;-13,29;1,85;-0,09;0,15;-2,99;-3,27;-1,87
201901;8,41;2,89;-0,46;0,21;14,51;14,3;-8,65;-0,65;-1,36;3,05;2,69;7,44
201902;3,4;2,12;-2,71;0,18;5,12;4,94;0,86;0,09;-1,47;1,79;-0,68;0
201903;1,1;-3,05;-4,19;0,19;-1,34;-1,53;2,14;0,86;-1,03;-3,56;-0,73;0,19
201904;3,96;-1,75;2,02;0,21;2,48;2,27;-2,55;1,64;-2,18;-1,16;-3,16;0,92
201905;-6,94;-1,18;-2,28;0,21;-8,36;-8,57;7,6;-0,54;1,78;-1,5;-4,48;0,63
201906;6,93;0,22;-0,79;0,18;5,6;5,42;-2,14;0,99;-0,38;0,33;-0,03;3,87
201907;1,19;-2,08;0,34;0,19;-1,12;-1,31;2,72;-0,16;0,34;-1,91;-3,24;-0,18
201908;-2,58;-2,4;-4,85;0,16;-5,43;-5,59;7,64;0,42;-0,89;-3,28;-5,03;-2,51
201909;1,43;-1,05;6,77;0,18;2,17;1,99;-6,85;1,99;3,5;0,24;2,88;5,25
201910;2,06;0,24;-1,88;0,15;0,12;-0,03;0,29;0,25;-0,99;0,2;-3,57;-0,44
201911;3,87;0,91;-2,05;0,12;3,82;3,7;-2,6;-1,58;-1,24;0,52;-0,08;-0,32
201912;2,77;0,67;1,91;0,14;5,12;4,98;-2,27;0,09;1,29;0,94;1,17;0,6
202001;-0,11;-3,08;-6,27;0,13;-1,51;-1,64;5,43;-1,36;-2,34;-4,4;-4,97;2,71
202002;-8,13;1,02;-3,92;0,12;-7,41;-7,53;-0,23;-1,61;-2,49;-0,03;-1,54;-2,35
202003;-13,38;-5,03;-13,96;0,12;-22,65;-22,77;8,54;-1,38;1,21;-8,38;-8,58;-11,87
202004;13,65;2,75;-1,39;0;19,3;19,3;-5,49;2,51;-1,03;2,79;3,33;15,58
202005;5,58;2,49;-5,05;0,01;7,93;7,92;0,67;0,71;-3,28;1,93;-2,41;-3,09
202006;2,46;2,71;-2,35;0,01;6,69;6,68;-0,75;0,03;0,34;1,94;1,81;-1,91
202007;5,77;-2,18;-1,39;0,01;4,18;4,17;7,61;0,55;1,06;-3,03;-0,08;-3,27
202008;7,63;-0,25;-2,94;0,01;4,64;4,63;0,51;4,27;-1,44;-0,94;1,93;-2,27
202009;-3,63;0,06;-2,51;0,01;-2,84;-2,85;3,05;-1,15;-1,77;0,07;-2,81;0,42
202010;-2,1;4,44;4,03;0,01;1,17;1,16;-3,03;-0,6;-0,53;4,76;-0,67;0,69
202011;12,47;5,48;2,11;0,01;20,6;20,59;-12,25;-2,78;1,05;6,75;6,39;3,23
202012;4,63;4,81;-1,36;0,01;9,12;9,11;-2,42;-2,15;0;4,67;-0,59;-3,08
